"Unit","Time & Date (COT)","Driver","Address","Event","Idle Time (minutes)"
"KBY321 CASTIL CA","02/16/2026 01:26 AM","","25, Candelaria, Valle del Cauca, 763577","Idle","1.40"
"KBY321 CASTIL CA","02/16/2026 01:30 AM","","25, Candelaria, Valle del Cauca, 763577","Idle","4.52"
"KBY321 CASTIL CA","02/16/2026 02:59 AM","","Vía Sin Nombre, Pradera, Valle del Cauca, 763557","Idle","2.53"
"KBY321 CASTIL CA","02/16/2026 03:18 AM","","31, Florida, Valle del Cauca, 763567","Idle","4.23"
"KBY321 CASTIL CA","02/16/2026 03:50 AM","","8JXW+62, Candelaria, Valle del Cauca, 763578","Idle","4.18"
"KBY321 CASTIL CA","02/16/2026 05:07 AM","","Vía Sin Nombre, Pradera, Valle del Cauca, 763557","Idle","1.63"
"KBY321 CASTIL CA","02/16/2026 06:53 AM","","Vía Sin Nombre, Pradera, Valle del Cauca, 763557","Idle","1.12"
"KBY321 CASTIL CA","02/16/2026 11:49 AM","","Vía Sin Nombre, Pradera, Valle del Cauca, 763557","Idle","2.10"
"KBY321 CASTIL CA","02/16/2026 12:37 PM","","2776 Cl. 41, Palmira, Valle del Cauca, 763532","Idle","2.37"
"KUL414 CASTILLA","02/16/2026 00:02 AM","","Ingenio Maria Luisa, Florida, Valle del Cauca, 763567","Idle","4.10"
"KUL414 CASTILLA","02/16/2026 02:12 AM","","Ingenio Maria Luisa, Florida, Valle del Cauca, 763567","Idle","4.47"
"KUL414 CASTILLA","02/16/2026 05:52 AM","","Ingenio Maria Luisa, Florida, Valle del Cauca, 763567","Idle","12.32"
"KUL414 CASTILLA","02/16/2026 06:15 AM","","Ingenio Maria Luisa, Florida, Valle del Cauca, 763567","Idle","4.13"
"KUL414 CASTILLA","02/16/2026 06:33 AM","","Ingenio Maria Luisa, Florida, Valle del Cauca, 763567","Idle","3.20"
"KUL414 CASTILLA","02/16/2026 06:42 AM","","Ingenio Maria Luisa, Florida, Valle del Cauca, 763567","Idle","2.37"
"KUL414 CASTILLA","02/16/2026 07:05 AM","","Ingenio Maria Luisa, Florida, Valle del Cauca, 763567","Idle","22.93"
"KUL414 CASTILLA","02/16/2026 07:31 AM","","Ingenio Maria Luisa, Florida, Valle del Cauca, 763567","Idle","1.70"
"KUL414 CASTILLA","02/16/2026 07:43 AM","","Ingenio Maria Luisa, Florida, Valle del Cauca, 763567","Idle","15.27"
"KUL414 CASTILLA","02/16/2026 08:54 AM","","Vía Sin Nombre, Candelaria, Valle del Cauca, 763577","Idle","1.37"
"KUL414 CASTILLA","02/16/2026 08:57 AM","","Vía Sin Nombre, Candelaria, Valle del Cauca, 763577","Idle","16.10"
"KUL414 CASTILLA","02/16/2026 10:08 AM","","Ingenio Maria Luisa, Florida, Valle del Cauca, 763567","Idle","11.77"
"KUL414 CASTILLA","02/16/2026 10:40 AM","","Ingenio Maria Luisa, Florida, Valle del Cauca, 763567","Idle","43.23"
"KUL414 CASTILLA","02/16/2026 12:03 PM","","Ingenio Maria Luisa, Florida, Valle del Cauca, 763567","Idle","8.27"
"KUL414 CASTILLA","02/16/2026 12:39 PM","","31, Florida, Valle del Cauca, 763567","Idle","1.52"
"KUL414 CASTILLA","02/16/2026 13:30 PM","","Vía Sin Nombre, Pradera, Valle del Cauca, 763557","Idle","4.83"
"KUL414 CASTILLA","02/16/2026 14:02 PM","","Vía Sin Nombre, Pradera, Valle del Cauca, 763557","Idle","11.03"
"KUL414 CASTILLA","02/16/2026 14:24 PM","","Vía Sin Nombre, Pradera, Valle del Cauca, 763557","Idle","2.58"
"KUL414 CASTILLA","02/16/2026 14:28 PM","","Vía Sin Nombre, Pradera, Valle del Cauca, 763557","Idle","1.25"
"KUL414 CASTILLA","02/16/2026 16:35 PM","","Vía Sin Nombre, Pradera, Valle del Cauca, 763557","Idle","6.37"
"NQL658 CAMIO-CAS","02/16/2026 00:00 AM","","Vía Sin Nombre, Pradera, Valle del Cauca, 763557","Idle","132.28"
"NQL658 CAMIO-CAS","02/16/2026 02:57 AM","","Vía Sin Nombre, Pradera, Valle del Cauca, 763557","Idle","109.00"
"NQL658 CAMIO-CAS","02/16/2026 10:24 AM","","Vía Sin Nombre, Pradera, Valle del Cauca, 763557","Idle","2.53"
"NQL658 CAMIO-CAS","02/16/2026 10:33 AM","","Vía Sin Nombre, Pradera, Valle del Cauca, 763557","Idle","1.55"
"NQL658 CAMIO-CAS","02/16/2026 11:05 AM","","Candelaria-Florida / RN32-02, San Antonio, Valle del Cauca, 763567","Idle","4.02"
"NQL658 CAMIO-CAS","02/16/2026 13:54 PM","","Vía Sin Nombre, Pradera, Valle del Cauca, 763557","Idle","99.88"
"NQL658 CAMIO-CAS","02/16/2026 15:37 PM","","Vía Sin Nombre, Pradera, Valle del Cauca, 763557","Idle","1.45"
"NQL658 CAMIO-CAS","02/16/2026 16:24 PM","","Vía Sin Nombre, Pradera, Valle del Cauca, 763557","Idle","3.20"
"NQL658 CAMIO-CAS","02/16/2026 19:56 PM","","Vía Sin Nombre, Pradera, Valle del Cauca, 763557","Idle","7.20"
"NQL658 CAMIO-CAS","02/16/2026 20:40 PM","","25, Candelaria, Valle del Cauca, 763577","Idle","6.08"
"NQL658 CAMIO-CAS","02/16/2026 21:58 PM","","Vía Sin Nombre, Pradera, Valle del Cauca, 763557","Idle","1.57"
"TDL582 CASTILLA","02/16/2026 01:07 AM","","Vía Sin Nombre, Valle del Cauca","Idle","19.23"
"TDL582 CASTILLA","02/16/2026 01:39 AM","","Vía Sin Nombre, Valle del Cauca","Idle","13.82"
"TDL582 CASTILLA","02/16/2026 04:05 AM","","Vía Sin Nombre, Valle del Cauca","Idle","8.05"
"TDL582 CASTILLA","02/16/2026 06:30 AM","","Vía Sin Nombre, Pradera, Valle del Cauca, 763557","Idle","1.03"
"TDL582 CASTILLA","02/16/2026 06:42 AM","","Vía Sin Nombre, Pradera, Valle del Cauca, 763557","Idle","3.08"
"TDL582 CASTILLA","02/16/2026 08:29 AM","","Vía Sin Nombre, Pradera, Valle del Cauca, 763557","Idle","2.77"
"TDL582 CASTILLA","02/16/2026 08:56 AM","","Vía Sin Nombre, Florida, Valle del Cauca, 763567","Idle","1.13"
"TDL582 CASTILLA","02/16/2026 08:58 AM","","Vía Sin Nombre, Florida, Valle del Cauca, 763567","Idle","1.13"
"TDL582 CASTILLA","02/16/2026 10:48 AM","","Vía Sin Nombre, Florida, Valle del Cauca, 763567","Idle","8.07"
"TDL582 CASTILLA","02/16/2026 11:04 AM","","Vía Sin Nombre, Florida, Valle del Cauca, 763567","Idle","4.10"
"TDL582 CASTILLA","02/16/2026 11:33 AM","","Vía Sin Nombre, Florida, Valle del Cauca, 763567","Idle","60.67"
"TDL582 CASTILLA","02/16/2026 12:41 PM","","Vía Sin Nombre, Florida, Valle del Cauca, 763567","Idle","5.50"
"TDL582 CASTILLA","02/16/2026 12:53 PM","","Vía Sin Nombre, Florida, Valle del Cauca, 763567","Idle","5.25"
"TDL582 CASTILLA","02/16/2026 13:52 PM","","Vía Sin Nombre, Pradera, Valle del Cauca, 763557","Idle","1.20"
"TDL582 CASTILLA","02/16/2026 14:02 PM","","Vía Sin Nombre, Pradera, Valle del Cauca, 763557","Idle","5.03"
"TDL582 CASTILLA","02/16/2026 14:24 PM","","Vía Sin Nombre, Pradera, Valle del Cauca, 763557","Idle","12.47"
"TDL582 CASTILLA","02/16/2026 14:49 PM","","Vía Sin Nombre, Pradera, Valle del Cauca, 763557","Idle","1.07"
"TDL582 CASTILLA","02/16/2026 15:06 PM","","31, Florida, Valle del Cauca, 763567","Idle","20.60"
"TDL582 CASTILLA","02/16/2026 16:48 PM","","Vía Sin Nombre, Pradera, Valle del Cauca, 763557","Idle","5.22"
"TDL582 CASTILLA","02/16/2026 18:48 PM","","Vía Sin Nombre, Pradera, Valle del Cauca, 763557","Idle","12.70"
"TDL582 CASTILLA","02/16/2026 19:55 PM","","Vía Sin Nombre, Pradera, Valle del Cauca, 763557","Idle","13.80"
"TDL582 CASTILLA","02/16/2026 21:14 PM","","Vía Sin Nombre, Pradera, Valle del Cauca, 763557","Idle","11.37"
"TDL582 CASTILLA","02/16/2026 21:49 PM","","Vía Sin Nombre, Pradera, Valle del Cauca, 763557","Idle","18.57"
"TDL582 CASTILLA","02/16/2026 23:48 PM","","Vía Sin Nombre, Pradera, Valle del Cauca, 763557","Idle","10.57"
"TDL585 RIOPAILA","02/16/2026 04:04 AM","","Vía Sin Nombre, Zarzal, Valle del Cauca, 762528","Idle","19.15"
"TDL585 RIOPAILA","02/16/2026 04:34 AM","","Vía Sin Nombre, Zarzal, Valle del Cauca, 762528","Idle","55.63"
"TDL585 RIOPAILA","02/16/2026 06:29 AM","","Vía Sin Nombre, Zarzal, Valle del Cauca, 762528","Idle","10.28"
"TDL585 RIOPAILA","02/16/2026 07:11 AM","","Vía Sin Nombre, Zarzal, Valle del Cauca, 762528","Idle","2.15"
"TDL585 RIOPAILA","02/16/2026 07:39 AM","","Vía Sin Nombre, Zarzal, Valle del Cauca, 762528","Idle","5.77"
"TDL585 RIOPAILA","02/16/2026 09:10 AM","","# 17-85 Cra. 8, Zarzal, Valle del Cauca, 762520","Idle","3.13"
"TDL585 RIOPAILA","02/16/2026 09:28 AM","","# 17-85 Cra. 8, Zarzal, Valle del Cauca, 762520","Idle","6.77"
"TDL585 RIOPAILA","02/16/2026 09:48 AM","","# 17-85 Cra. 8, Zarzal, Valle del Cauca, 762520","Idle","3.48"
"TDL585 RIOPAILA","02/16/2026 10:22 AM","","Vía Sin Nombre, Zarzal, Valle del Cauca, 762528","Idle","12.48"
"TDL585 RIOPAILA","02/16/2026 10:46 AM","","Vía Sin Nombre, Zarzal, Valle del Cauca, 762528","Idle","11.43"
"TDL585 RIOPAILA","02/16/2026 11:33 AM","","Vía Sin Nombre, Zarzal, Valle del Cauca, 762528","Idle","8.02"
"TDL585 RIOPAILA","02/16/2026 13:22 PM","","Vía Sin Nombre, Bugalagrande, Valle del Cauca, 763007","Idle","2.05"
"TDL585 RIOPAILA","02/16/2026 14:44 PM","","Vía Sin Nombre, Bugalagrande, Valle del Cauca, 763007","Idle","1.43"
"TDL585 RIOPAILA","02/16/2026 14:48 PM","","Vía Sin Nombre, Bugalagrande, Valle del Cauca, 763007","Idle","22.15"
"TDL585 RIOPAILA","02/16/2026 16:54 PM","","Vía Sin Nombre, Bugalagrande, Valle del Cauca, 763007","Idle","8.30"
"TDL585 RIOPAILA","02/16/2026 17:28 PM","","Bugalagrande, Bugalagrande, Valle del Cauca, 763001","Idle","1.35"
"TDL585 RIOPAILA","02/16/2026 21:15 PM","","Vía Sin Nombre, Zarzal, Valle del Cauca, 762528","Idle","5.50"
"TDL585 RIOPAILA","02/16/2026 21:27 PM","","Vía Sin Nombre, Zarzal, Valle del Cauca, 762528","Idle","4.37"
"TDL585 RIOPAILA","02/16/2026 21:55 PM","","Vía Sin Nombre, Zarzal, Valle del Cauca, 762528","Idle","11.70"
"TDL585 RIOPAILA","02/16/2026 22:16 PM","","Vía Sin Nombre, Zarzal, Valle del Cauca, 762528","Idle","35.25"
"TDL585 RIOPAILA","02/16/2026 23:01 PM","","Vía Sin Nombre, Zarzal, Valle del Cauca, 762528","Idle","3.42"
"TDL585 RIOPAILA","02/16/2026 23:22 PM","","Vía Sin Nombre, Zarzal, Valle del Cauca, 762528","Idle","3.13"
"TDL588 CASTILLA","02/16/2026 01:37 AM","","Ingenio Maria Luisa, Florida, Valle del Cauca, 763567","Idle","9.82"
"TDL588 CASTILLA","02/16/2026 03:02 AM","","Ingenio Maria Luisa, Florida, Valle del Cauca, 763567","Idle","14.23"
"TDL588 CASTILLA","02/16/2026 03:19 AM","","Ingenio Maria Luisa, Florida, Valle del Cauca, 763567","Idle","3.93"
"TDL588 CASTILLA","02/16/2026 03:59 AM","","Ingenio Maria Luisa, Florida, Valle del Cauca, 763567","Idle","20.00"
"TDL588 CASTILLA","02/16/2026 04:35 AM","","Ingenio Maria Luisa, Florida, Valle del Cauca, 763567","Idle","2.33"
"TDL588 CASTILLA","02/16/2026 05:06 AM","","Ingenio Maria Luisa, Florida, Valle del Cauca, 763567","Idle","32.62"
"TDL588 CASTILLA","02/16/2026 05:54 AM","","Ingenio Maria Luisa, Florida, Valle del Cauca, 763567","Idle","5.05"
"TDL588 CASTILLA","02/16/2026 06:49 AM","","Vía Sin Nombre, Candelaria, Valle del Cauca, 763577","Idle","1.35"
"TDL588 CASTILLA","02/16/2026 06:53 AM","","Vía Sin Nombre, Candelaria, Valle del Cauca, 763577","Idle","32.43"
"TDL588 CASTILLA","02/16/2026 08:38 AM","","Ingenio Maria Luisa, Florida, Valle del Cauca, 763567","Idle","4.78"
"TDL588 CASTILLA","02/16/2026 08:56 AM","","Ingenio Maria Luisa, Florida, Valle del Cauca, 763567","Idle","2.68"
"TDL588 CASTILLA","02/16/2026 09:59 AM","","Ingenio Maria Luisa, Florida, Valle del Cauca, 763567","Idle","12.60"
"TDL588 CASTILLA","02/16/2026 10:31 AM","","Ingenio Maria Luisa, Florida, Valle del Cauca, 763567","Idle","4.80"
"TDL588 CASTILLA","02/16/2026 10:52 AM","","Ingenio Maria Luisa, Florida, Valle del Cauca, 763567","Idle","7.30"
"TDL588 CASTILLA","02/16/2026 12:00 PM","","Vía Sin Nombre, Candelaria, Valle del Cauca, 763577","Idle","7.23"
"TDL588 CASTILLA","02/16/2026 12:25 PM","","Vía Sin Nombre, Candelaria, Valle del Cauca, 763577","Idle","23.62"
"TDL588 CASTILLA","02/16/2026 13:58 PM","","Ingenio Maria Luisa, Florida, Valle del Cauca, 763567","Idle","4.47"
"TDL588 CASTILLA","02/16/2026 14:08 PM","","Ingenio Maria Luisa, Florida, Valle del Cauca, 763567","Idle","27.78"
"TDL588 CASTILLA","02/16/2026 14:46 PM","","Ingenio Maria Luisa, Florida, Valle del Cauca, 763567","Idle","29.78"
"TDL588 CASTILLA","02/16/2026 16:32 PM","","Vía Sin Nombre, Pradera, Valle del Cauca, 763557","Idle","7.82"
"TDL588 CASTILLA","02/16/2026 19:20 PM","","Vía Sin Nombre, Pradera, Valle del Cauca, 763557","Idle","13.18"
"TDL588 CASTILLA","02/16/2026 19:36 PM","","Vía Sin Nombre, Pradera, Valle del Cauca, 763557","Idle","2.00"
"TDL588 CASTILLA","02/16/2026 19:44 PM","","Vía Sin Nombre, Pradera, Valle del Cauca, 763557","Idle","2.83"
"TDL588 CASTILLA","02/16/2026 19:49 PM","","Vía Sin Nombre, Pradera, Valle del Cauca, 763557","Idle","10.65"
"TDL588 CASTILLA","02/16/2026 21:30 PM","","Vía Sin Nombre, Pradera, Valle del Cauca, 763557","Idle","2.28"
"TDL588 CASTILLA","02/16/2026 23:46 PM","","Vía Sin Nombre, Pradera, Valle del Cauca, 763557","Idle","6.07"
"TJV778 RISARALDA","02/16/2026 00:52 AM","","23, Toro, Valle del Cauca, 761528","Idle","5.93"
"TJV778 RISARALDA","02/16/2026 01:37 AM","","23, Toro, Valle del Cauca, 761528","Idle","7.65"
"TJV778 RISARALDA","02/16/2026 01:48 AM","","23, Toro, Valle del Cauca, 761528","Idle","5.23"
"TJV778 RISARALDA","02/16/2026 02:08 AM","","23, Ansermanuevo, Valle del Cauca, 762018","Idle","8.27"
"TJV778 RISARALDA","02/16/2026 05:34 AM","","Vía Sin Nombre, Balboa, Risaralda, 662017","Idle","60.63"
"TJV778 RISARALDA","02/16/2026 07:01 AM","","Vía Sin Nombre, Balboa, Risaralda, 662017","Idle","4.53"
"TJV778 RISARALDA","02/16/2026 07:12 AM","","Vía Sin Nombre, Balboa, Risaralda, 662017","Idle","1.27"
"TJV778 RISARALDA","02/16/2026 07:23 AM","","Vía Sin Nombre, Balboa, Risaralda, 662017","Idle","1.23"
"TJV778 RISARALDA","02/16/2026 08:50 AM","","23, Toro, Valle del Cauca, 761528","Idle","1.30"
"TJV778 RISARALDA","02/16/2026 11:11 AM","","Vía Sin Nombre, Toro, Valle del Cauca","Idle","4.28"
"TJV778 RISARALDA","02/16/2026 11:39 AM","","Vía Sin Nombre, Toro, Valle del Cauca, 761528","Idle","1.13"
"TJV778 RISARALDA","02/16/2026 12:17 PM","","Vía Sin Nombre, Toro, Valle del Cauca, 761528","Idle","4.10"
"TJV778 RISARALDA","02/16/2026 15:32 PM","","Vía Sin Nombre, Balboa, Risaralda, 662017","Idle","59.63"
"TJV778 RISARALDA","02/16/2026 16:53 PM","","Vía Sin Nombre, Balboa, Risaralda, 662017","Idle","3.05"
"TJV778 RISARALDA","02/16/2026 19:11 PM","","23, Roldanillo, Valle del Cauca, 761557","Idle","4.77"
"TJV778 RISARALDA","02/16/2026 19:47 PM","","23, Roldanillo, Valle del Cauca, 761557","Idle","4.38"
"TJV778 RISARALDA","02/16/2026 21:57 PM","","23, Roldanillo, Valle del Cauca, 761557","Idle","13.67"
"TJV778 RISARALDA","02/16/2026 22:12 PM","","23, Roldanillo, Valle del Cauca, 761557","Idle","1.75"
"TUL549 Castilla","02/16/2026 07:39 AM","","Vía Sin Nombre, Pradera, Valle del Cauca, 763557","Idle","1.98"
"TUL549 Castilla","02/16/2026 07:41 AM","","Vía Sin Nombre, Pradera, Valle del Cauca, 763557","Idle","28.33"
"TUL549 Castilla","02/16/2026 08:24 AM","","Vía Sin Nombre, Pradera, Valle del Cauca, 763557","Idle","2.30"
"TUL549 Castilla","02/16/2026 09:04 AM","","Vía Sin Nombre, Pradera, Valle del Cauca, 763557","Idle","13.23"
"TUL549 Castilla","02/16/2026 11:18 AM","","Vía Sin Nombre, Pradera, Valle del Cauca, 763557","Idle","6.18"
"TUL549 Castilla","02/16/2026 12:49 PM","","Vía Sin Nombre, Florida, Valle del Cauca","Idle","5.93"
"TUL549 Castilla","02/16/2026 14:24 PM","","Vía Sin Nombre, Florida, Valle del Cauca","Idle","8.03"
"TUL549 Castilla","02/16/2026 16:45 PM","","Vía Sin Nombre, Pradera, Valle del Cauca, 763557","Idle","83.33"
"TUL549 Castilla","02/16/2026 18:32 PM","","Vía Sin Nombre, Pradera, Valle del Cauca, 763557","Idle","1.32"
"TUL549 Castilla","02/16/2026 18:56 PM","","Vía Sin Nombre, Pradera, Valle del Cauca, 763557","Idle","5.88"
"TUL549 Castilla","02/16/2026 19:41 PM","","Vía Sin Nombre, Pradera, Valle del Cauca, 763557","Idle","5.57"
"TUL549 Castilla","02/16/2026 20:32 PM","","25, Candelaria, Valle del Cauca, 763577","Idle","1.90"
"TUL549 Castilla","02/16/2026 22:38 PM","","Vía Sin Nombre, Palmira, Valle del Cauca, 763537","Idle","8.30"
"TUL551 Castilla","02/16/2026 03:51 AM","","Vía Sin Nombre, La Unión, Valle del Cauca, 761548","Idle","13.57"
"TUL551 Castilla","02/16/2026 04:22 AM","","Vía Sin Nombre, La Unión, Valle del Cauca, 761548","Idle","8.07"
"TUL551 Castilla","02/16/2026 06:20 AM","","Vía Sin Nombre, Toro, Valle del Cauca","Idle","24.13"
"TUL551 Castilla","02/16/2026 07:04 AM","","Vía Sin Nombre, Toro, Valle del Cauca","Idle","24.03"
"TUL551 Castilla","02/16/2026 07:30 AM","","Vía Sin Nombre, Toro, Valle del Cauca","Idle","5.87"
"TUL551 Castilla","02/16/2026 07:39 AM","","Vía Sin Nombre, Toro, Valle del Cauca","Idle","4.40"
"TUL551 Castilla","02/16/2026 08:25 AM","","Vía Sin Nombre, Toro, Valle del Cauca","Idle","13.57"
"TUL551 Castilla","02/16/2026 08:45 AM","","Vía Sin Nombre, Toro, Valle del Cauca","Idle","8.53"
"TUL551 Castilla","02/16/2026 09:14 AM","","Vía Sin Nombre, Toro, Valle del Cauca","Idle","11.08"
"TUL551 Castilla","02/16/2026 11:09 AM","","25, La Victoria, Valle del Cauca, 762517","Idle","6.22"
"TUL551 Castilla","02/16/2026 14:16 PM","","Vía Sin Nombre, Zarzal, Valle del Cauca, 762528","Idle","12.23"
"TUL551 Castilla","02/16/2026 15:20 PM","","Vía Sin Nombre, Zarzal, Valle del Cauca, 762528","Idle","4.12"
"TUL551 Castilla","02/16/2026 15:38 PM","","Vía Sin Nombre, Zarzal, Valle del Cauca, 762528","Idle","41.48"
"TUL551 Castilla","02/16/2026 16:26 PM","","Vía Sin Nombre, Zarzal, Valle del Cauca, 762528","Idle","4.77"
"TUL551 Castilla","02/16/2026 17:44 PM","","Vía Sin Nombre, Zarzal, Valle del Cauca, 762528","Idle","20.40"
"TUL551 Castilla","02/16/2026 19:23 PM","","Vía Sin Nombre, Zarzal, Valle del Cauca, 762528","Idle","4.62"
"TUL551 Castilla","02/16/2026 21:09 PM","","Vía Sin Nombre, La Unión, Valle del Cauca, 761548","Idle","7.03"
"TUL551 Castilla","02/16/2026 22:38 PM","","Vía Sin Nombre, La Unión, Valle del Cauca, 761548","Idle","3.22"
"TUL562 CASTILLA","02/16/2026 08:18 AM","","Vía Sin Nombre, Pradera, Valle del Cauca, 763557","Idle","1.67"
"TUL562 CASTILLA","02/16/2026 08:21 AM","","Vía Sin Nombre, Pradera, Valle del Cauca, 763557","Idle","7.48"
"TUL562 CASTILLA","02/16/2026 08:48 AM","","Vía Sin Nombre, Pradera, Valle del Cauca, 763557","Idle","20.12"
"TUL562 CASTILLA","02/16/2026 09:42 AM","","Vía Sin Nombre, Pradera, Valle del Cauca, 763557","Idle","1.70"
"TUL562 CASTILLA","02/16/2026 09:44 AM","","Vía Sin Nombre, Pradera, Valle del Cauca, 763557","Idle","33.98"
"TUL562 CASTILLA","02/16/2026 10:18 AM","","Vía Sin Nombre, Pradera, Valle del Cauca, 763557","Idle","3.38"
"TUL562 CASTILLA","02/16/2026 10:28 AM","","Vía Sin Nombre, Pradera, Valle del Cauca, 763557","Idle","13.37"
"TUL562 CASTILLA","02/16/2026 13:00 PM","","Vía Sin Nombre, Pradera, Valle del Cauca, 763557","Idle","3.00"
"TUL562 CASTILLA","02/16/2026 13:30 PM","","Candelaria-Florida / RN32-02, Florida, Valle del Cauca, 763567","Idle","2.02"
"TUL562 CASTILLA","02/16/2026 15:10 PM","","Vía Sin Nombre, Pradera, Valle del Cauca, 763557","Idle","1.95"
"TUL562 CASTILLA","02/16/2026 15:15 PM","","Vía Sin Nombre, Pradera, Valle del Cauca, 763557","Idle","2.25"
"TUL562 CASTILLA","02/16/2026 15:17 PM","","Vía Sin Nombre, Pradera, Valle del Cauca, 763557","Idle","2.80"
"TUL562 CASTILLA","02/16/2026 15:20 PM","","Vía Sin Nombre, Pradera, Valle del Cauca, 763557","Idle","1.70"
"TUL562 CASTILLA","02/16/2026 15:31 PM","","Vía Sin Nombre, Pradera, Valle del Cauca, 763557","Idle","2.88"
"TUL562 CASTILLA","02/16/2026 15:37 PM","","Vía Sin Nombre, Pradera, Valle del Cauca, 763557","Idle","16.80"
"TUL562 CASTILLA","02/16/2026 15:54 PM","","Vía Sin Nombre, Pradera, Valle del Cauca, 763557","Idle","26.87"
"TUL562 CASTILLA","02/16/2026 19:08 PM","","Vía Sin Nombre, Pradera, Valle del Cauca, 763557","Idle","2.90"
"TUL562 CASTILLA","02/16/2026 21:02 PM","","Vía Sin Nombre, Pradera, Valle del Cauca, 763557","Idle","1.80"
"TUL562 CASTILLA","02/16/2026 21:20 PM","","Vía Sin Nombre, Pradera, Valle del Cauca, 763557","Idle","1.40"
"TUL562 CASTILLA","02/16/2026 21:55 PM","","Vía Sin Nombre, Pradera, Valle del Cauca, 763557","Idle","1.28"
"WDL101 CASTILLA","02/16/2026 18:38 PM","","Vía Sin Nombre, Pradera, Valle del Cauca, 763557","Idle","2.03"
"WDL101 CASTILLA","02/16/2026 23:33 PM","","Vía Sin Nombre, Pradera, Valle del Cauca, 763557","Idle","4.43"
"WDL101 CASTILLA","02/16/2026 23:51 PM","","Vía Sin Nombre, Pradera, Valle del Cauca, 763557","Idle","1.05"
"WDM182 CASTILLA","02/16/2026 00:37 AM","","Vía Sin Nombre, Pradera, Valle del Cauca, 763557","Idle","6.80"
"WDM182 CASTILLA","02/16/2026 04:33 AM","","Vía Sin Nombre, Pradera, Valle del Cauca, 763557","Idle","2.00"
"WDM182 CASTILLA","02/16/2026 04:45 AM","","Vía Sin Nombre, Pradera, Valle del Cauca, 763557","Idle","16.27"
"WDM182 CASTILLA","02/16/2026 06:31 AM","","Vía Sin Nombre, Miranda, Cauca, 191527","Idle","93.10"
"WDM182 CASTILLA","02/16/2026 16:57 PM","","Vía Sin Nombre, Palmira, Valle del Cauca, 763537","Idle","2.78"
"WDM182 CASTILLA","02/16/2026 18:33 PM","","Vía Sin Nombre, Palmira, Valle del Cauca, 763537","Idle","4.73"
"WDM182 CASTILLA","02/16/2026 19:26 PM","","Vía Sin Nombre, Palmira, Valle del Cauca, 763537","Idle","2.95"
"WDM183 CASTILLA","02/16/2026 08:05 AM","","Vía Sin Nombre, Pradera, Valle del Cauca, 763557","Idle","1.80"
"WDM183 CASTILLA","02/16/2026 08:24 AM","","Vía Sin Nombre, Pradera, Valle del Cauca, 763557","Idle","39.08"
"WDM183 CASTILLA","02/16/2026 11:52 AM","","Vía Sin Nombre, Pradera, Valle del Cauca, 763557","Idle","80.23"
"WDM183 CASTILLA","02/16/2026 13:21 PM","","Vía Sin Nombre, Pradera, Valle del Cauca, 763557","Idle","3.95"
"WDM183 CASTILLA","02/16/2026 13:58 PM","","Vía Sin Nombre, Pradera, Valle del Cauca, 763557","Idle","2.47"
"WDM183 CASTILLA","02/16/2026 14:58 PM","","Vía Sin Nombre, Pradera, Valle del Cauca, 763557","Idle","5.58"
"WDM183 CASTILLA","02/16/2026 17:16 PM","","Vía Sin Nombre, Pradera, Valle del Cauca, 763557","Idle","18.02"
"WDM266  CASTILLA","02/16/2026 00:52 AM","","Vía Sin Nombre, Palmira, Valle del Cauca, 763537","Idle","10.43"
"WDM266  CASTILLA","02/16/2026 01:03 AM","","Vía Sin Nombre, Palmira, Valle del Cauca, 763537","Idle","9.07"
"WDM266  CASTILLA","02/16/2026 02:36 AM","","Vía Sin Nombre, Pradera, Valle del Cauca, 763557","Idle","1.43"
"WDM266  CASTILLA","02/16/2026 02:43 AM","","Vía Sin Nombre, Pradera, Valle del Cauca, 763557","Idle","20.15"
"WDM266  CASTILLA","02/16/2026 03:48 AM","","Vía Sin Nombre, Pradera, Valle del Cauca, 763557","Idle","2.73"
"WDM266  CASTILLA","02/16/2026 04:13 AM","","Vía Sin Nombre, Pradera, Valle del Cauca, 763557","Idle","1.18"
"WDM266  CASTILLA","02/16/2026 06:14 AM","","Vía Sin Nombre, Pradera, Valle del Cauca, 763557","Idle","5.73"
"WDM266  CASTILLA","02/16/2026 06:21 AM","","Vía Sin Nombre, Pradera, Valle del Cauca, 763557","Idle","2.63"
"WDM266  CASTILLA","02/16/2026 06:29 AM","","Vía Sin Nombre, Pradera, Valle del Cauca, 763557","Idle","4.35"
"WDM266  CASTILLA","02/16/2026 06:38 AM","","Vía Sin Nombre, Pradera, Valle del Cauca, 763557","Idle","2.87"
"WDM266  CASTILLA","02/16/2026 06:41 AM","","Vía Sin Nombre, Pradera, Valle del Cauca, 763557","Idle","4.20"
"WDM266  CASTILLA","02/16/2026 06:52 AM","","Vía Sin Nombre, Pradera, Valle del Cauca, 763557","Idle","1.65"
"WDM266  CASTILLA","02/16/2026 06:54 AM","","Vía Sin Nombre, Pradera, Valle del Cauca, 763557","Idle","5.70"
"WDM266  CASTILLA","02/16/2026 07:02 AM","","Vía Sin Nombre, Pradera, Valle del Cauca, 763557","Idle","25.38"
"WDM266  CASTILLA","02/16/2026 07:46 AM","","Vía Sin Nombre, Pradera, Valle del Cauca, 763557","Idle","1.07"
"WDM266  CASTILLA","02/16/2026 08:01 AM","","Vía Sin Nombre, Pradera, Valle del Cauca, 763557","Idle","9.97"
"WDM266  CASTILLA","02/16/2026 09:46 AM","","Vía Sin Nombre, Pradera, Valle del Cauca, 763557","Idle","5.30"
"WDM266  CASTILLA","02/16/2026 12:29 PM","","Vía Sin Nombre, Candelaria, Valle del Cauca, 763577","Idle","5.25"
"WDM266  CASTILLA","02/16/2026 12:37 PM","","Vía Sin Nombre, Candelaria, Valle del Cauca, 763577","Idle","5.23"
"WDM266  CASTILLA","02/16/2026 12:53 PM","","Vía Sin Nombre, Candelaria, Valle del Cauca, 763577","Idle","5.02"
"WDM266  CASTILLA","02/16/2026 15:02 PM","","Vía Sin Nombre, Pradera, Valle del Cauca, 763557","Idle","19.98"
"WDM266  CASTILLA","02/16/2026 15:27 PM","","Vía Sin Nombre, Pradera, Valle del Cauca, 763557","Idle","5.07"
"WDM266  CASTILLA","02/16/2026 16:01 PM","","Vía Sin Nombre, Pradera, Valle del Cauca, 763557","Idle","1.58"
"WDM266  CASTILLA","02/16/2026 16:03 PM","","Vía Sin Nombre, Pradera, Valle del Cauca, 763557","Idle","6.03"
"WDM266  CASTILLA","02/16/2026 16:39 PM","","Vía Sin Nombre, Pradera, Valle del Cauca, 763557","Idle","6.20"
"WDM266  CASTILLA","02/16/2026 18:19 PM","","Vía Sin Nombre, Pradera, Valle del Cauca, 763557","Idle","29.08"
"WDM266  CASTILLA","02/16/2026 18:48 PM","","Vía Sin Nombre, Pradera, Valle del Cauca, 763557","Idle","5.07"
"WDM266  CASTILLA","02/16/2026 18:54 PM","","Vía Sin Nombre, Pradera, Valle del Cauca, 763557","Idle","1.07"
"WDM266  CASTILLA","02/16/2026 19:06 PM","","Vía Sin Nombre, Pradera, Valle del Cauca, 763557","Idle","2.27"
"WDM266  CASTILLA","02/16/2026 19:08 PM","","Vía Sin Nombre, Pradera, Valle del Cauca, 763557","Idle","13.78"
"WDM266  CASTILLA","02/16/2026 19:22 PM","","Vía Sin Nombre, Pradera, Valle del Cauca, 763557","Idle","5.17"
"WDM266  CASTILLA","02/16/2026 19:27 PM","","Vía Sin Nombre, Pradera, Valle del Cauca, 763557","Idle","1.47"
"WDM266  CASTILLA","02/16/2026 19:29 PM","","Vía Sin Nombre, Pradera, Valle del Cauca, 763557","Idle","6.85"
"WDM266  CASTILLA","02/16/2026 19:55 PM","","Vía Sin Nombre, Pradera, Valle del Cauca, 763557","Idle","6.67"
"WDM266  CASTILLA","02/16/2026 20:02 PM","","Vía Sin Nombre, Pradera, Valle del Cauca, 763557","Idle","2.07"
"WDM266  CASTILLA","02/16/2026 20:28 PM","","Vía Sin Nombre, Pradera, Valle del Cauca, 763557","Idle","2.63"
"WDM266  CASTILLA","02/16/2026 20:34 PM","","Vía Sin Nombre, Pradera, Valle del Cauca, 763557","Idle","6.53"
"WDM266  CASTILLA","02/16/2026 20:41 PM","","Vía Sin Nombre, Pradera, Valle del Cauca, 763557","Idle","3.03"
"WDM266  CASTILLA","02/16/2026 20:46 PM","","Vía Sin Nombre, Pradera, Valle del Cauca, 763557","Idle","14.15"
"WDM266  CASTILLA","02/16/2026 21:34 PM","","Vía Sin Nombre, Pradera, Valle del Cauca, 763557","Idle","2.87"
"WDM266  CASTILLA","02/16/2026 22:08 PM","","Vía Sin Nombre, Pradera, Valle del Cauca, 763557","Idle","4.77"
"WDM266  CASTILLA","02/16/2026 22:17 PM","","Vía Sin Nombre, Pradera, Valle del Cauca, 763557","Idle","1.43"
"WDM266  CASTILLA","02/16/2026 22:20 PM","","Vía Sin Nombre, Pradera, Valle del Cauca, 763557","Idle","5.47"
"WDM266  CASTILLA","02/16/2026 22:31 PM","","Vía Sin Nombre, Pradera, Valle del Cauca, 763557","Idle","1.13"
"WDM266  CASTILLA","02/16/2026 22:36 PM","","Vía Sin Nombre, Pradera, Valle del Cauca, 763557","Idle","23.62"
"WDM266  CASTILLA","02/16/2026 23:14 PM","","Vía Sin Nombre, Pradera, Valle del Cauca, 763557","Idle","8.95"
"WDM271 CASTILLA","02/16/2026 01:03 AM","","Vía Sin Nombre, Pradera, Valle del Cauca, 763557","Idle","2.77"
"WDM271 CASTILLA","02/16/2026 02:25 AM","","Vía Sin Nombre, Palmira, Valle del Cauca, 763537","Idle","10.37"
"WDM271 CASTILLA","02/16/2026 04:26 AM","","Vía Sin Nombre, Palmira, Valle del Cauca, 763537","Idle","2.93"
"WDM271 CASTILLA","02/16/2026 04:36 AM","","Vía Sin Nombre, Palmira, Valle del Cauca, 763537","Idle","17.00"
"WDM271 CASTILLA","02/16/2026 05:58 AM","","Vía Sin Nombre, Palmira, Valle del Cauca, 763537","Idle","10.12"
"WDM271 CASTILLA","02/16/2026 07:32 AM","","Vía Sin Nombre, Pradera, Valle del Cauca, 763557","Idle","10.97"
"WDM271 CASTILLA","02/16/2026 08:04 AM","","Vía Sin Nombre, Pradera, Valle del Cauca, 763557","Idle","2.57"
"WDM271 CASTILLA","02/16/2026 08:18 AM","","Vía Sin Nombre, Pradera, Valle del Cauca, 763557","Idle","33.45"
"WDM271 CASTILLA","02/16/2026 09:03 AM","","Vía Sin Nombre, Pradera, Valle del Cauca, 763557","Idle","4.13"
"WDM271 CASTILLA","02/16/2026 09:09 AM","","Vía Sin Nombre, Pradera, Valle del Cauca, 763557","Idle","1.15"
"WDM271 CASTILLA","02/16/2026 09:49 AM","","Vía Sin Nombre, Pradera, Valle del Cauca, 763557","Idle","5.22"
"WDM271 CASTILLA","02/16/2026 10:27 AM","","31, Florida, Valle del Cauca, 763567","Idle","3.15"
"WDM271 CASTILLA","02/16/2026 10:59 AM","","Vía Sin Nombre, Pradera, Valle del Cauca, 763557","Idle","4.27"
"WDM271 CASTILLA","02/16/2026 11:29 AM","","Vía Sin Nombre, Pradera, Valle del Cauca, 763557","Idle","1.20"
"WDM271 CASTILLA","02/16/2026 11:30 AM","","Vía Sin Nombre, Pradera, Valle del Cauca, 763557","Idle","4.10"
"WDM271 CASTILLA","02/16/2026 15:14 PM","","Vía Sin Nombre, Palmira, Valle del Cauca, 763537","Idle","7.17"
"WDM271 CASTILLA","02/16/2026 15:34 PM","","Vía Sin Nombre, Palmira, Valle del Cauca, 763537","Idle","5.10"
"WDM271 CASTILLA","02/16/2026 19:35 PM","","Vía Sin Nombre, Pradera, Valle del Cauca, 763557","Idle","72.10"
"WDM271 CASTILLA","02/16/2026 21:29 PM","","Vía Sin Nombre, Pradera, Valle del Cauca, 763557","Idle","7.07"
"WPK241 CASTILLA","02/16/2026 00:47 AM","","Vía Sin Nombre, Palmira, Valle del Cauca, 763537","Idle","6.22"
"WPK241 CASTILLA","02/16/2026 02:24 AM","","Vía Sin Nombre, Palmira, Valle del Cauca, 763537","Idle","14.18"
"WPK241 CASTILLA","02/16/2026 02:48 AM","","25, Palmira, Valle del Cauca, 763537","Idle","3.30"
"WPK241 CASTILLA","02/16/2026 04:57 AM","","Vía Sin Nombre, Pradera, Valle del Cauca, 763557","Idle","6.27"
"WPK241 CASTILLA","02/16/2026 06:00 AM","","Vía Sin Nombre, Pradera, Valle del Cauca, 763557","Idle","1.93"
"WPK241 CASTILLA","02/16/2026 06:40 AM","","Vía Sin Nombre, Pradera, Valle del Cauca, 763557","Idle","30.98"
"WPK241 CASTILLA","02/16/2026 07:32 AM","","Vía Sin Nombre, Pradera, Valle del Cauca, 763557","Idle","4.50"
"WPK241 CASTILLA","02/16/2026 08:03 AM","","Vía Sin Nombre, Pradera, Valle del Cauca, 763557","Idle","30.25"
"WPK241 CASTILLA","02/16/2026 09:06 AM","","Vía Sin Nombre, Pradera, Valle del Cauca, 763557","Idle","6.90"
"WPK241 CASTILLA","02/16/2026 10:04 AM","","Vía Sin Nombre, Pradera, Valle del Cauca, 763557","Idle","4.60"
"WPK241 CASTILLA","02/16/2026 11:08 AM","","Vía Sin Nombre, Pradera, Valle del Cauca, 763557","Idle","9.20"
"WPK241 CASTILLA","02/16/2026 11:56 AM","","Candelaria-Florida / RN32-02, Florida, Valle del Cauca, 763567","Idle","1.28"
"WPK241 CASTILLA","02/16/2026 12:59 PM","","Vía Sin Nombre, Miranda, Cauca, 191527","Idle","5.43"
"WPK241 CASTILLA","02/16/2026 14:26 PM","","Vía Sin Nombre, Miranda, Cauca, 191527","Idle","17.35"
"WPK241 CASTILLA","02/16/2026 15:38 PM","","Vía Sin Nombre, Miranda, Cauca, 191527","Idle","10.38"
"WPK241 CASTILLA","02/16/2026 17:28 PM","","Vía Sin Nombre, Pradera, Valle del Cauca, 763557","Idle","39.88"
"WPK241 CASTILLA","02/16/2026 19:02 PM","","Vía Sin Nombre, Pradera, Valle del Cauca, 763557","Idle","9.27"
"WPK241 CASTILLA","02/16/2026 19:24 PM","","Vía Sin Nombre, Pradera, Valle del Cauca, 763557","Idle","2.23"
"WPK241 CASTILLA","02/16/2026 20:10 PM","","Vía Sin Nombre, Pradera, Valle del Cauca, 763557","Idle","42.25"
"WPK241 CASTILLA","02/16/2026 21:28 PM","","Vía Sin Nombre, Pradera, Valle del Cauca, 763557","Idle","3.82"
"WPK241 CASTILLA","02/16/2026 21:33 PM","","Vía Sin Nombre, Pradera, Valle del Cauca, 763557","Idle","5.93"
"WPK241 CASTILLA","02/16/2026 22:15 PM","","Vía Sin Nombre, Pradera, Valle del Cauca, 763557","Idle","4.25"
"WPK243 CASTILLA","02/16/2026 00:09 AM","","Vía Sin Nombre, Candelaria, Valle del Cauca, 763577","Idle","10.58"
"WPK243 CASTILLA","02/16/2026 01:57 AM","","Vía Sin Nombre, Pradera, Valle del Cauca, 763557","Idle","29.02"
"WPK243 CASTILLA","02/16/2026 02:38 AM","","Vía Sin Nombre, Pradera, Valle del Cauca, 763557","Idle","14.93"
"WPK243 CASTILLA","02/16/2026 03:40 AM","","Vía Sin Nombre, Pradera, Valle del Cauca, 763557","Idle","4.93"
"WPK243 CASTILLA","02/16/2026 04:31 AM","","Vía Sin Nombre, Pradera, Valle del Cauca, 763557","Idle","27.92"
"WPK243 CASTILLA","02/16/2026 06:00 AM","","Vía Sin Nombre, Pradera, Valle del Cauca, 763557","Idle","25.27"
"WPK243 CASTILLA","02/16/2026 08:05 AM","","Vía Sin Nombre, Palmira, Valle del Cauca, 763537","Idle","8.63"
"WPK243 CASTILLA","02/16/2026 09:54 AM","","Vía Sin Nombre, Palmira, Valle del Cauca, 763537","Idle","5.57"
"WPK243 CASTILLA","02/16/2026 10:23 AM","","Vía Sin Nombre, Palmira, Valle del Cauca, 763537","Idle","13.22"
"WPK243 CASTILLA","02/16/2026 12:58 PM","","Vía Sin Nombre, Pradera, Valle del Cauca, 763557","Idle","35.20"
"WPK243 CASTILLA","02/16/2026 14:14 PM","","Vía Sin Nombre, Pradera, Valle del Cauca, 763557","Idle","34.18"
"WPK243 CASTILLA","02/16/2026 15:03 PM","","Vía Sin Nombre, Pradera, Valle del Cauca, 763557","Idle","4.73"
"WPK243 CASTILLA","02/16/2026 15:26 PM","","Vía Sin Nombre, Pradera, Valle del Cauca, 763557","Idle","12.35"
"WPK243 CASTILLA","02/16/2026 15:46 PM","","Vía Sin Nombre, Pradera, Valle del Cauca, 763557","Idle","3.03"
"WPK243 CASTILLA","02/16/2026 16:34 PM","","Vía Sin Nombre, Pradera, Valle del Cauca, 763557","Idle","1.18"
"WPK243 CASTILLA","02/16/2026 16:44 PM","","Vía Sin Nombre, Pradera, Valle del Cauca, 763557","Idle","4.10"
"WPK243 CASTILLA","02/16/2026 17:53 PM","","Vía Sin Nombre, Florida, Valle del Cauca, 763567","Idle","2.08"
"WPK243 CASTILLA","02/16/2026 20:54 PM","","Vía Sin Nombre, Pradera, Valle del Cauca, 763557","Idle","4.40"
"WPK243 CASTILLA","02/16/2026 21:11 PM","","Vía Sin Nombre, Pradera, Valle del Cauca, 763557","Idle","26.55"
"WPK243 CASTILLA","02/16/2026 21:44 PM","","Vía Sin Nombre, Pradera, Valle del Cauca, 763557","Idle","20.38"
"WPK243 CASTILLA","02/16/2026 22:19 PM","","Vía Sin Nombre, Pradera, Valle del Cauca, 763557","Idle","4.17"
"WPK243 CASTILLA","02/16/2026 22:37 PM","","Vía Sin Nombre, Pradera, Valle del Cauca, 763557","Idle","10.43"
"WPK243 CASTILLA","02/16/2026 22:48 PM","","Vía Sin Nombre, Pradera, Valle del Cauca, 763557","Idle","10.17"
"WPK244 Castilla","02/16/2026 01:19 AM","","Vía Sin Nombre, Valle del Cauca","Idle","2.87"
"WPK244 Castilla","02/16/2026 01:25 AM","","Vía Sin Nombre, Valle del Cauca","Idle","22.03"
"WPK244 Castilla","02/16/2026 02:04 AM","","Vía Sin Nombre, Pradera, Valle del Cauca, 763557","Idle","7.37"
"WPK244 Castilla","02/16/2026 03:22 AM","","Vía Sin Nombre, Pradera, Valle del Cauca, 763557","Idle","14.67"
"WPK244 Castilla","02/16/2026 05:28 AM","","Vía Sin Nombre, Pradera, Valle del Cauca, 763557","Idle","5.73"
"WPK244 Castilla","02/16/2026 06:03 AM","","Vía Sin Nombre, Pradera, Valle del Cauca, 763557","Idle","33.18"
"WPK244 Castilla","02/16/2026 06:57 AM","","Vía Sin Nombre, Pradera, Valle del Cauca, 763557","Idle","6.25"
"WPK244 Castilla","02/16/2026 08:11 AM","","Vía Sin Nombre, Miranda, Cauca, 191527","Idle","3.48"
"WPK244 Castilla","02/16/2026 08:49 AM","","Vía Sin Nombre, Miranda, Cauca, 191527","Idle","10.05"
"WPK244 Castilla","02/16/2026 11:22 AM","","Vía Sin Nombre, Pradera, Valle del Cauca, 763557","Idle","1.73"
"WPK244 Castilla","02/16/2026 11:34 AM","","Vía Sin Nombre, Pradera, Valle del Cauca, 763557","Idle","10.03"
"WPK244 Castilla","02/16/2026 12:03 PM","","Vía Sin Nombre, Pradera, Valle del Cauca, 763557","Idle","2.70"
"WPK244 Castilla","02/16/2026 12:24 PM","","Vía Sin Nombre, Pradera, Valle del Cauca, 763557","Idle","4.23"
"WPK244 Castilla","02/16/2026 12:33 PM","","Vía Sin Nombre, Pradera, Valle del Cauca, 763557","Idle","34.35"
"WPK244 Castilla","02/16/2026 13:27 PM","","Vía Sin Nombre, Pradera, Valle del Cauca, 763557","Idle","16.07"
"WPK244 Castilla","02/16/2026 15:33 PM","","Vía Sin Nombre, Palmira, Valle del Cauca, 763537","Idle","3.85"
"WPK244 Castilla","02/16/2026 16:55 PM","","Vía Sin Nombre, Palmira, Valle del Cauca, 763537","Idle","20.08"
"WPK244 Castilla","02/16/2026 21:16 PM","","Vía Sin Nombre, Candelaria, Valle del Cauca, 763577","Idle","6.08"
"WPK244 Castilla","02/16/2026 22:00 PM","","Vía Sin Nombre, Pradera, Valle del Cauca, 763557","Idle","6.50"
"WPK605 TURBO CAS","02/16/2026 06:56 AM","","Vía Sin Nombre, Pradera, Valle del Cauca, 763557","Idle","4.72"
"WPK605 TURBO CAS","02/16/2026 08:55 AM","","Vía Sin Nombre, Pradera, Valle del Cauca, 763557","Idle","1.25"
"WPK605 TURBO CAS","02/16/2026 09:06 AM","","Vía Sin Nombre, Pradera, Valle del Cauca, 763557","Idle","1.48"
"WPK605 TURBO CAS","02/16/2026 11:25 AM","","Santana, Miranda, Cauca, 191527","Idle","3.12"
"WPK605 TURBO CAS","02/16/2026 12:42 PM","","Vía Sin Nombre, Pradera, Valle del Cauca, 763557","Idle","4.35"
"WPK605 TURBO CAS","02/16/2026 13:48 PM","","Vía Sin Nombre, Pradera, Valle del Cauca, 763557","Idle","2.13"
"WPK605 TURBO CAS","02/16/2026 15:47 PM","","Vía Sin Nombre, Pradera, Valle del Cauca, 763557","Idle","1.43"
"WPK605 TURBO CAS","02/16/2026 16:19 PM","","Vía Sin Nombre, Pradera, Valle del Cauca, 763557","Idle","1.10"
"WPK605 TURBO CAS","02/16/2026 19:01 PM","","Vía Sin Nombre, Pradera, Valle del Cauca, 763557","Idle","4.50"
"WPK605 TURBO CAS","02/16/2026 19:32 PM","","Vía Sin Nombre, Pradera, Valle del Cauca, 763557","Idle","29.02"
"WPK605 TURBO CAS","02/16/2026 20:57 PM","","Vía Sin Nombre, Pradera, Valle del Cauca, 763557","Idle","5.60"
"WPK605 TURBO CAS","02/16/2026 22:11 PM","","Vía Sin Nombre, Pradera, Valle del Cauca, 763557","Idle","3.73"
"WPK605 TURBO CAS","02/16/2026 22:19 PM","","Vía Sin Nombre, Pradera, Valle del Cauca, 763557","Idle","2.77"
"WPK605 TURBO CAS","02/16/2026 23:38 PM","","# 6-9 Calle 6, San Antonio, Valle del Cauca, 763567","Idle","2.85"
"WPK605 TURBO CAS","02/16/2026 23:49 PM","","# 41-25 Calle 6, San Antonio, Valle del Cauca, 763567","Idle","3.50"
"WPK640 CASTILLA","02/16/2026 13:23 PM","","Vía Sin Nombre, Pradera, Valle del Cauca, 763557","Idle","8.65"
"WPK640 CASTILLA","02/16/2026 18:38 PM","","Vía Sin Nombre, Pradera, Valle del Cauca, 763557","Idle","48.97"
"WPK640 CASTILLA","02/16/2026 19:27 PM","","Vía Sin Nombre, Pradera, Valle del Cauca, 763557","Idle","241.13"
"ZNM941 CASTILLA","02/16/2026 00:00 AM","","Vía Sin Nombre, Pradera, Valle del Cauca, 763557","Idle","20.28"
"ZNM941 CASTILLA","02/16/2026 00:49 AM","","Vía Sin Nombre, Pradera, Valle del Cauca, 763557","Idle","5.17"
"ZNM941 CASTILLA","02/16/2026 01:07 AM","","Vía Sin Nombre, Pradera, Valle del Cauca, 763557","Idle","4.50"
"ZNM941 CASTILLA","02/16/2026 08:43 AM","","Vía Sin Nombre, Candelaria, Valle del Cauca, 763577","Idle","10.25"
"ZNM941 CASTILLA","02/16/2026 11:58 AM","","Vía Sin Nombre, Pradera, Valle del Cauca, 763557","Idle","2.87"
"ZNM941 CASTILLA","02/16/2026 13:10 PM","","Vía Sin Nombre, Candelaria, Valle del Cauca, 763577","Idle","5.55"
"ZNM941 CASTILLA","02/16/2026 13:20 PM","","Vía Sin Nombre, Candelaria, Valle del Cauca, 763577","Idle","8.67"
"ZNM941 CASTILLA","02/16/2026 13:45 PM","","Vía Sin Nombre, Candelaria, Valle del Cauca, 763577","Idle","7.65"
"ZNM941 CASTILLA","02/16/2026 14:03 PM","","Vía Sin Nombre, Candelaria, Valle del Cauca, 763577","Idle","14.53"
"ZNM941 CASTILLA","02/16/2026 14:39 PM","","Vía Sin Nombre, Candelaria, Valle del Cauca, 763577","Idle","20.23"
"ZNM941 CASTILLA","02/16/2026 18:38 PM","","Vía Sin Nombre, Pradera, Valle del Cauca, 763557","Idle","5.60"
"ZNM941 CASTILLA","02/16/2026 19:05 PM","","Vía Sin Nombre, Pradera, Valle del Cauca, 763557","Idle","85.00"
"ZNM941 CASTILLA","02/16/2026 21:12 PM","","Vía Sin Nombre, Pradera, Valle del Cauca, 763557","Idle","2.20"
"ZNM941 CASTILLA","02/16/2026 22:45 PM","","Vía Sin Nombre, Pradera, Valle del Cauca, 763557","Idle","5.98"
"ZNM974 RIOPAILA","02/16/2026 14:40 PM","","Vía Sin Nombre, Bugalagrande, Valle del Cauca, 763007","Idle","12.02"
"ZNM974 RIOPAILA","02/16/2026 17:10 PM","","Vía Sin Nombre, Zarzal, Valle del Cauca, 762528","Idle","3.88"
"ZNM974 RIOPAILA","02/16/2026 18:34 PM","","Vía Sin Nombre, Zarzal, Valle del Cauca, 762528","Idle","4.17"
"ZNM974 RIOPAILA","02/16/2026 18:38 PM","","Vía Sin Nombre, Zarzal, Valle del Cauca, 762528","Idle","13.27"
"ZNM974 RIOPAILA","02/16/2026 18:54 PM","","Vía Sin Nombre, Zarzal, Valle del Cauca, 762528","Idle","22.82"
"ZNM974 RIOPAILA","02/16/2026 20:11 PM","","Vía Sin Nombre, Zarzal, Valle del Cauca, 762528","Idle","6.12"
"ZNM974 RIOPAILA","02/16/2026 20:55 PM","","Vía Sin Nombre, Zarzal, Valle del Cauca, 762528","Idle","12.02"
"ZNM975 RIOPAILA","02/16/2026 00:00 AM","","Vía Sin Nombre, Roldanillo, Valle del Cauca, 761557","Idle","2.85"
"ZNM975 RIOPAILA","02/16/2026 00:29 AM","","Vía Sin Nombre, Roldanillo, Valle del Cauca, 761557","Idle","11.02"
"ZNM975 RIOPAILA","02/16/2026 02:00 AM","","Vía Sin Nombre, Roldanillo, Valle del Cauca, 761557","Idle","19.02"
"ZNM975 RIOPAILA","02/16/2026 03:06 AM","","Vía Sin Nombre, Roldanillo, Valle del Cauca, 761557","Idle","3.17"
"ZNM975 RIOPAILA","02/16/2026 03:36 AM","","Vía Sin Nombre, Roldanillo, Valle del Cauca, 761557","Idle","3.02"
"ZNM975 RIOPAILA","02/16/2026 06:02 AM","","Vía Sin Nombre, Zarzal, Valle del Cauca, 762528","Idle","3.30"
"ZNM975 RIOPAILA","02/16/2026 06:26 AM","","Vía Sin Nombre, Zarzal, Valle del Cauca, 762528","Idle","24.85"
"ZNM975 RIOPAILA","02/16/2026 06:57 AM","","Vía Sin Nombre, Zarzal, Valle del Cauca, 762528","Idle","6.87"
"ZNM975 RIOPAILA","02/16/2026 07:05 AM","","Vía Sin Nombre, Zarzal, Valle del Cauca, 762528","Idle","5.58"
"ZNM975 RIOPAILA","02/16/2026 08:09 AM","","25, Bugalagrande, Valle del Cauca, 763007","Idle","4.02"
"ZNM975 RIOPAILA","02/16/2026 09:20 AM","","Vía Sin Nombre, Bugalagrande, Valle del Cauca","Idle","24.28"
"ZNM975 RIOPAILA","02/16/2026 09:54 AM","","Vía Sin Nombre, Bugalagrande, Valle del Cauca","Idle","3.68"
"ZNM975 RIOPAILA","02/16/2026 11:04 AM","","Vía Sin Nombre, Bugalagrande, Valle del Cauca","Idle","12.02"
"ZNM975 RIOPAILA","02/16/2026 13:41 PM","","Vía Sin Nombre, Zarzal, Valle del Cauca, 762528","Idle","7.92"
"ZNM975 RIOPAILA","02/16/2026 16:16 PM","","Vía Sin Nombre, Zarzal, Valle del Cauca, 762528","Idle","72.85"
"ZNM975 RIOPAILA","02/16/2026 18:17 PM","","Vía Sin Nombre, Zarzal, Valle del Cauca, 762528","Idle","10.50"
"ZNM975 RIOPAILA","02/16/2026 18:40 PM","","Vía Sin Nombre, Zarzal, Valle del Cauca, 762528","Idle","12.00"
"ZNM975 RIOPAILA","02/16/2026 20:18 PM","","Vía Sin Nombre, Bugalagrande, Valle del Cauca","Idle","6.35"
"ZNM975 RIOPAILA","02/16/2026 21:28 PM","","Vía Sin Nombre, Valle del Cauca","Idle","11.02"
"ZNM975 RIOPAILA","02/16/2026 22:12 PM","","25, Andalucía, Valle del Cauca, 763017","Idle","2.02"
"ZNN565 CASTILLA","02/16/2026 01:23 AM","","Vía Sin Nombre, Florida, Valle del Cauca, 763567","Idle","5.98"
"ZNN565 CASTILLA","02/16/2026 02:12 AM","","Vía Sin Nombre, Pradera, Valle del Cauca, 763557","Idle","23.82"
"ZNN565 CASTILLA","02/16/2026 03:51 AM","","Vía Sin Nombre, Pradera, Valle del Cauca, 763557","Idle","17.00"
"ZNN565 CASTILLA","02/16/2026 04:44 AM","","Vía Sin Nombre, Pradera, Valle del Cauca, 763557","Idle","8.38"
"ZNN565 CASTILLA","02/16/2026 05:39 AM","","Vía Sin Nombre, Pradera, Valle del Cauca, 763557","Idle","13.03"
"ZNN565 CASTILLA","02/16/2026 05:53 AM","","Vía Sin Nombre, Pradera, Valle del Cauca, 763557","Idle","20.93"
"ZNN565 CASTILLA","02/16/2026 06:14 AM","","Vía Sin Nombre, Pradera, Valle del Cauca, 763557","Idle","19.57"
"ZNN565 CASTILLA","02/16/2026 06:35 AM","","Vía Sin Nombre, Pradera, Valle del Cauca, 763557","Idle","1.03"
"ZNN565 CASTILLA","02/16/2026 07:00 AM","","Vía Sin Nombre, Pradera, Valle del Cauca, 763557","Idle","9.08"
"ZNN565 CASTILLA","02/16/2026 08:48 AM","","Vía Sin Nombre, Palmira, Valle del Cauca, 763537","Idle","4.48"
"ZNN565 CASTILLA","02/16/2026 10:22 AM","","Vía Sin Nombre, Palmira, Valle del Cauca, 763537","Idle","140.43"
"ZNN565 CASTILLA","02/16/2026 13:45 PM","","CP74+27G, Pradera, Valle del Cauca, 763557","Idle","1.87"
"ZNN565 CASTILLA","02/16/2026 14:10 PM","","Vía Sin Nombre, Pradera, Valle del Cauca, 763557","Idle","26.12"
"ZNN565 CASTILLA","02/16/2026 16:50 PM","","Vía Sin Nombre, Pradera, Valle del Cauca, 763557","Idle","15.97"
"ZNN565 CASTILLA","02/16/2026 17:09 PM","","Vía Sin Nombre, Pradera, Valle del Cauca, 763557","Idle","56.83"
"ZNN565 CASTILLA","02/16/2026 18:28 PM","","Vía Sin Nombre, Pradera, Valle del Cauca, 763557","Idle","11.22"
"ZNN565 CASTILLA","02/16/2026 18:50 PM","","Vía Sin Nombre, Florida, Valle del Cauca","Idle","3.03"
"ZNN565 CASTILLA","02/16/2026 18:58 PM","","Vía Sin Nombre, Florida, Valle del Cauca","Idle","19.17"
"ZNN565 CASTILLA","02/16/2026 20:13 PM","","Vía Sin Nombre, Florida, Valle del Cauca","Idle","4.80"
"ZNN565 CASTILLA","02/16/2026 20:20 PM","","Vía Sin Nombre, Florida, Valle del Cauca","Idle","2.62"
"ZNN565 CASTILLA","02/16/2026 20:36 PM","","Vía Sin Nombre, Pradera, Valle del Cauca, 763557","Idle","41.17"
"ZNN565 CASTILLA","02/16/2026 22:23 PM","","Vía Sin Nombre, Pradera, Valle del Cauca, 763557","Idle","64.32"
"ZNN565 CASTILLA","02/16/2026 23:50 PM","","Vía Sin Nombre, Pradera, Valle del Cauca, 763557","Idle","9.77"