Message;;;;;;;;;;;;;;;;
"[{""Protocol"":""0x2525""";"MessageType:""LocationInfoMessage""";ProtocolHeadType:19;"Imei:""869487061675582""";SerialNo:53380;Mileage:12924086;"Date:""2026-02-07T00:02:08Z""";IopIgnition:false;Latitude:1.8669600486755371;Longitude:-76.044113159179688;Altitude:1279.9000244140625;ExternalPowerVoltage:12.62;Rpm:-999;Speed:0.0;SatelliteNumber:17;Azimuth:332;BatteryLevel:95}]
"[{""Protocol"":""0x2525""";"MessageType:""LocationInfoMessage""";ProtocolHeadType:19;"Imei:""869487061675582""";SerialNo:53381;Mileage:12924086;"Date:""2026-02-07T01:02:08Z""";IopIgnition:false;Latitude:1.8669600486755371;Longitude:-76.044113159179688;Altitude:1279.9000244140625;ExternalPowerVoltage:12.62;Rpm:-999;Speed:0.0;SatelliteNumber:16;Azimuth:332;BatteryLevel:94}]
"[{""Protocol"":""0x2525""";"MessageType:""LocationInfoMessage""";ProtocolHeadType:19;"Imei:""869487061675582""";SerialNo:53382;Mileage:12924086;"Date:""2026-02-07T02:02:08Z""";IopIgnition:false;Latitude:1.8669600486755371;Longitude:-76.044113159179688;Altitude:1279.9000244140625;ExternalPowerVoltage:12.61;Rpm:-999;Speed:0.0;SatelliteNumber:14;Azimuth:332;BatteryLevel:93}]
"[{""Protocol"":""0x2525""";"MessageType:""LocationInfoMessage""";ProtocolHeadType:19;"Imei:""869487061675582""";SerialNo:53383;Mileage:12924086;"Date:""2026-02-07T03:02:08Z""";IopIgnition:false;Latitude:1.8669600486755371;Longitude:-76.044113159179688;Altitude:1279.9000244140625;ExternalPowerVoltage:12.6;Rpm:-999;Speed:0.0;SatelliteNumber:16;Azimuth:332;BatteryLevel:92}]
"[{""Protocol"":""0x2525""";"MessageType:""LocationInfoMessage""";ProtocolHeadType:19;"Imei:""869487061675582""";SerialNo:53384;Mileage:12924086;"Date:""2026-02-07T04:02:08Z""";IopIgnition:false;Latitude:1.8669600486755371;Longitude:-76.044113159179688;Altitude:1279.9000244140625;ExternalPowerVoltage:12.6;Rpm:-999;Speed:0.0;SatelliteNumber:15;Azimuth:332;BatteryLevel:92}]
"[{""Protocol"":""0x2525""";"MessageType:""LocationInfoMessage""";ProtocolHeadType:19;"Imei:""869487061675582""";SerialNo:53385;Mileage:12924086;"Date:""2026-02-07T05:02:07Z""";IopIgnition:false;Latitude:1.8669600486755371;Longitude:-76.044113159179688;Altitude:1279.9000244140625;ExternalPowerVoltage:12.58;Rpm:-999;Speed:0.0;SatelliteNumber:16;Azimuth:332;BatteryLevel:90}]
"[{""Protocol"":""0x2525""";"MessageType:""LocationInfoMessage""";ProtocolHeadType:19;"Imei:""869487061675582""";SerialNo:53386;Mileage:12924086;"Date:""2026-02-07T06:02:08Z""";IopIgnition:false;Latitude:1.8669600486755371;Longitude:-76.044113159179688;Altitude:1279.9000244140625;ExternalPowerVoltage:12.57;Rpm:-999;Speed:0.0;SatelliteNumber:16;Azimuth:332;BatteryLevel:91}]
"[{""Protocol"":""0x2525""";"MessageType:""LocationInfoMessage""";ProtocolHeadType:19;"Imei:""869487061675582""";SerialNo:53387;Mileage:12924086;"Date:""2026-02-07T07:02:08Z""";IopIgnition:false;Latitude:1.8669600486755371;Longitude:-76.044113159179688;Altitude:1279.9000244140625;ExternalPowerVoltage:12.56;Rpm:-999;Speed:0.0;SatelliteNumber:16;Azimuth:332;BatteryLevel:90}]
"[{""Protocol"":""0x2525""";"MessageType:""LocationInfoMessage""";ProtocolHeadType:19;"Imei:""869487061675582""";SerialNo:53388;Mileage:12924086;"Date:""2026-02-07T08:02:08Z""";IopIgnition:false;Latitude:1.8669600486755371;Longitude:-76.044113159179688;Altitude:1279.9000244140625;ExternalPowerVoltage:12.56;Rpm:-999;Speed:0.0;SatelliteNumber:14;Azimuth:332;BatteryLevel:90}]
"[{""Protocol"":""0x2525""";"MessageType:""LocationInfoMessage""";ProtocolHeadType:19;"Imei:""869487061675582""";SerialNo:53389;Mileage:12924086;"Date:""2026-02-07T09:02:08Z""";IopIgnition:false;Latitude:1.8669600486755371;Longitude:-76.044113159179688;Altitude:1279.9000244140625;ExternalPowerVoltage:12.56;Rpm:-999;Speed:0.0;SatelliteNumber:15;Azimuth:332;BatteryLevel:90}]
"[{""Protocol"":""0x2525""";"MessageType:""LocationInfoMessage""";ProtocolHeadType:19;"Imei:""869487061675582""";SerialNo:53390;Mileage:12924086;"Date:""2026-02-07T10:02:08Z""";IopIgnition:false;Latitude:1.8669600486755371;Longitude:-76.044113159179688;Altitude:1279.9000244140625;ExternalPowerVoltage:12.54;Rpm:-999;Speed:0.0;SatelliteNumber:16;Azimuth:332;BatteryLevel:90}]
"[{""Protocol"":""0x2525""";"MessageType:""LocationInfoMessage""";ProtocolHeadType:19;"Imei:""869487061675582""";SerialNo:53391;Mileage:12924086;"Date:""2026-02-07T11:02:08Z""";IopIgnition:false;Latitude:1.8669600486755371;Longitude:-76.044113159179688;Altitude:1279.9000244140625;ExternalPowerVoltage:12.54;Rpm:-999;Speed:0.0;SatelliteNumber:14;Azimuth:332;BatteryLevel:90}]
"[{""Protocol"":""0x2525""";"MessageType:""LocationInfoMessage""";ProtocolHeadType:19;"Imei:""869487061675582""";SerialNo:53392;Mileage:12924086;"Date:""2026-02-07T12:02:07Z""";IopIgnition:false;Latitude:1.8669600486755371;Longitude:-76.044113159179688;Altitude:1279.9000244140625;ExternalPowerVoltage:12.54;Rpm:-999;Speed:0.0;SatelliteNumber:15;Azimuth:332;BatteryLevel:89}]
"[{""Protocol"":""0x2525""";"MessageType:""LocationInfoMessage""";ProtocolHeadType:19;"Imei:""869487061675582""";SerialNo:53393;Mileage:12924086;"Date:""2026-02-07T13:02:07Z""";IopIgnition:false;Latitude:1.8669600486755371;Longitude:-76.044113159179688;Altitude:1279.9000244140625;ExternalPowerVoltage:12.54;Rpm:-999;Speed:0.0;SatelliteNumber:16;Azimuth:332;BatteryLevel:90}]
"[{""Protocol"":""0x2525""";"MessageType:""LocationAlarmMessage""";ProtocolHeadType:20;"Imei:""869487061675582""";SerialNo:2866;Mileage:12924086;"Date:""2026-02-07T13:42:37Z""";IopIgnition:true;Latitude:1.8669600486755371;Longitude:-76.044113159179688;Altitude:1279.9000244140625;ExternalPowerVoltage:12.41;Rpm:-999;Speed:0.0;SatelliteNumber:13;Azimuth:332;OriginalAlarmCode:22}]
"[{""Protocol"":""0x2525""";"MessageType:""LocationInfoMessage""";ProtocolHeadType:19;"Imei:""869487061675582""";SerialNo:53394;Mileage:12924086;"Date:""2026-02-07T13:43:38Z""";IopIgnition:true;Latitude:1.8669600486755371;Longitude:-76.044113159179688;Altitude:1279.9000244140625;ExternalPowerVoltage:14.27;Rpm:-999;Speed:0.0;SatelliteNumber:14;Azimuth:332;BatteryLevel:90}]
"[{""Protocol"":""0x2525""";"MessageType:""LocationInfoMessage""";ProtocolHeadType:19;"Imei:""869487061675582""";SerialNo:53395;Mileage:12924086;"Date:""2026-02-07T13:44:38Z""";IopIgnition:true;Latitude:1.8669600486755371;Longitude:-76.044113159179688;Altitude:1279.9000244140625;ExternalPowerVoltage:14.22;Rpm:-999;Speed:0.0;SatelliteNumber:14;Azimuth:332;BatteryLevel:90}]
"[{""Protocol"":""0x2525""";"MessageType:""LocationInfoMessage""";ProtocolHeadType:19;"Imei:""869487061675582""";SerialNo:53396;Mileage:12924089;"Date:""2026-02-07T13:45:01Z""";IopIgnition:true;Latitude:1.8669880628585815;Longitude:-76.044113159179688;Altitude:1275.9000244140625;ExternalPowerVoltage:14.22;Rpm:-999;Speed:7.0;SatelliteNumber:14;Azimuth:34;BatteryLevel:90}]
"[{""Protocol"":""0x2525""";"MessageType:""LocationInfoMessage""";ProtocolHeadType:19;"Imei:""869487061675582""";SerialNo:53397;Mileage:12924101;"Date:""2026-02-07T13:46:06Z""";IopIgnition:true;Latitude:1.8670094013214111;Longitude:-76.04400634765625;Altitude:1275.300048828125;ExternalPowerVoltage:14.18;Rpm:-999;Speed:6.0;SatelliteNumber:14;Azimuth:121;BatteryLevel:90}]
"[{""Protocol"":""0x2525""";"MessageType:""LocationInfoMessage""";ProtocolHeadType:19;"Imei:""869487061675582""";SerialNo:53398;Mileage:12924115;"Date:""2026-02-07T13:46:10Z""";IopIgnition:true;Latitude:1.8669054508209229;Longitude:-76.043937683105469;Altitude:1275.800048828125;ExternalPowerVoltage:14.12;Rpm:-999;Speed:22.0;SatelliteNumber:14;Azimuth:169;BatteryLevel:89}]
"[{""Protocol"":""0x2525""";"MessageType:""LocationInfoMessage""";ProtocolHeadType:19;"Imei:""869487061675582""";SerialNo:53399;Mileage:12924188;"Date:""2026-02-07T13:46:37Z""";IopIgnition:true;Latitude:1.8662971258163452;Longitude:-76.0438232421875;Altitude:1270.0;ExternalPowerVoltage:14.19;Rpm:-999;Speed:15.0;SatelliteNumber:14;Azimuth:92;BatteryLevel:90}]
"[{""Protocol"":""0x2525""";"MessageType:""LocationInfoMessage""";ProtocolHeadType:19;"Imei:""869487061675582""";SerialNo:53400;Mileage:12925051;"Date:""2026-02-07T13:47:39Z""";IopIgnition:true;Latitude:1.8660829067230225;Longitude:-76.036064147949219;Altitude:1267.699951171875;ExternalPowerVoltage:14.1;Rpm:-999;Speed:55.0;SatelliteNumber:14;Azimuth:91;BatteryLevel:89}]
"[{""Protocol"":""0x2525""";"MessageType:""LocationInfoMessage""";ProtocolHeadType:19;"Imei:""869487061675582""";SerialNo:53401;Mileage:12925504;"Date:""2026-02-07T13:48:11Z""";IopIgnition:true;Latitude:1.8651314973831177;Longitude:-76.032264709472656;Altitude:1271.5999755859375;ExternalPowerVoltage:14.14;Rpm:-999;Speed:24.0;SatelliteNumber:15;Azimuth:142;BatteryLevel:90}]
"[{""Protocol"":""0x2525""";"MessageType:""LocationInfoMessage""";ProtocolHeadType:19;"Imei:""869487061675582""";SerialNo:53402;Mileage:12925555;"Date:""2026-02-07T13:48:20Z""";IopIgnition:true;Latitude:1.8648018836975098;Longitude:-76.031967163085938;Altitude:1272.800048828125;ExternalPowerVoltage:14.13;Rpm:-999;Speed:22.0;SatelliteNumber:15;Azimuth:93;BatteryLevel:90}]
"[{""Protocol"":""0x2525""";"MessageType:""LocationInfoMessage""";ProtocolHeadType:19;"Imei:""869487061675582""";SerialNo:53403;Mileage:12925582;"Date:""2026-02-07T13:48:24Z""";IopIgnition:true;Latitude:1.8649142980575562;Longitude:-76.0317611694336;Altitude:1272.699951171875;ExternalPowerVoltage:14.03;Rpm:-999;Speed:27.0;SatelliteNumber:15;Azimuth:45;BatteryLevel:90}]
"[{""Protocol"":""0x2525""";"MessageType:""LocationInfoMessage""";ProtocolHeadType:19;"Imei:""869487061675582""";SerialNo:53404;Mileage:12925684;"Date:""2026-02-07T13:49:39Z""";IopIgnition:true;Latitude:1.8654011487960815;Longitude:-76.030998229980469;Altitude:1274.300048828125;ExternalPowerVoltage:14.11;Rpm:-999;Speed:21.0;SatelliteNumber:15;Azimuth:68;BatteryLevel:90}]
"[{""Protocol"":""0x2525""";"MessageType:""LocationInfoMessage""";ProtocolHeadType:19;"Imei:""869487061675582""";SerialNo:53405;Mileage:12926228;"Date:""2026-02-07T13:50:39Z""";IopIgnition:true;Latitude:1.8674287796020508;Longitude:-76.026695251464844;Altitude:1279.5999755859375;ExternalPowerVoltage:14.1;Rpm:-999;Speed:34.0;SatelliteNumber:14;Azimuth:91;BatteryLevel:90}]
"[{""Protocol"":""0x2525""";"MessageType:""LocationInfoMessage""";ProtocolHeadType:19;"Imei:""869487061675582""";SerialNo:53406;Mileage:12926405;"Date:""2026-02-07T13:50:57Z""";IopIgnition:true;Latitude:1.868051290512085;Longitude:-76.025306701660156;Altitude:1282.9000244140625;ExternalPowerVoltage:14.12;Rpm:-999;Speed:37.0;SatelliteNumber:13;Azimuth:41;BatteryLevel:90}]
"[{""Protocol"":""0x2525""";"MessageType:""LocationInfoMessage""";ProtocolHeadType:19;"Imei:""869487061675582""";SerialNo:53407;Mileage:12927618;"Date:""2026-02-07T13:52:39Z""";IopIgnition:true;Latitude:1.8768268823623657;Longitude:-76.019287109375;Altitude:1284.5999755859375;ExternalPowerVoltage:14.06;Rpm:-999;Speed:44.0;SatelliteNumber:13;Azimuth:40;BatteryLevel:89}]
"[{""Protocol"":""0x2525""";"MessageType:""LocationInfoMessage""";ProtocolHeadType:19;"Imei:""869487061675582""";SerialNo:53408;Mileage:12928514;"Date:""2026-02-07T13:53:39Z""";IopIgnition:true;Latitude:1.8805338144302368;Longitude:-76.012298583984375;Altitude:1280.5;ExternalPowerVoltage:14.1;Rpm:-999;Speed:46.0;SatelliteNumber:14;Azimuth:68;BatteryLevel:89}]
"[{""Protocol"":""0x2525""";"MessageType:""LocationInfoMessage""";ProtocolHeadType:19;"Imei:""869487061675582""";SerialNo:53409;Mileage:12929029;"Date:""2026-02-07T13:54:16Z""";IopIgnition:true;Latitude:1.881226658821106;Longitude:-76.007797241210938;Altitude:1285.800048828125;ExternalPowerVoltage:14.11;Rpm:-999;Speed:53.0;SatelliteNumber:14;Azimuth:115;BatteryLevel:89}]
"[{""Protocol"":""0x2525""";"MessageType:""LocationInfoMessage""";ProtocolHeadType:19;"Imei:""869487061675582""";SerialNo:53410;Mileage:12929585;"Date:""2026-02-07T13:54:53Z""";IopIgnition:true;Latitude:1.8811577558517456;Longitude:-76.0030746459961;Altitude:1292.300048828125;ExternalPowerVoltage:14.1;Rpm:-999;Speed:53.0;SatelliteNumber:14;Azimuth:66;BatteryLevel:89}]
"[{""Protocol"":""0x2525""";"MessageType:""LocationInfoMessage""";ProtocolHeadType:19;"Imei:""869487061675582""";SerialNo:53411;Mileage:12930259;"Date:""2026-02-07T13:55:39Z""";IopIgnition:true;Latitude:1.8851162195205688;Longitude:-75.998748779296875;Altitude:1293.9000244140625;ExternalPowerVoltage:14.1;Rpm:-999;Speed:54.0;SatelliteNumber:15;Azimuth:18;BatteryLevel:89}]
"[{""Protocol"":""0x2525""";"MessageType:""LocationInfoMessage""";ProtocolHeadType:19;"Imei:""869487061675582""";SerialNo:53412;Mileage:12931110;"Date:""2026-02-07T13:56:35Z""";IopIgnition:true;Latitude:1.8910382986068726;Longitude:-75.994697570800781;Altitude:1300.4000244140625;ExternalPowerVoltage:14.06;Rpm:-999;Speed:52.0;SatelliteNumber:14;Azimuth:67;BatteryLevel:89}]
"[{""Protocol"":""0x2525""";"MessageType:""LocationInfoMessage""";ProtocolHeadType:19;"Imei:""869487061675582""";SerialNo:53413;Mileage:12931900;"Date:""2026-02-07T13:57:39Z""";IopIgnition:true;Latitude:1.8953231573104858;Longitude:-75.989418029785156;Altitude:1301.5999755859375;ExternalPowerVoltage:14.12;Rpm:-999;Speed:53.0;SatelliteNumber:14;Azimuth:27;BatteryLevel:89}]
"[{""Protocol"":""0x2525""";"MessageType:""LocationInfoMessage""";ProtocolHeadType:19;"Imei:""869487061675582""";SerialNo:53414;Mileage:12932785;"Date:""2026-02-07T13:58:39Z""";IopIgnition:true;Latitude:1.8999133110046387;Longitude:-75.983116149902344;Altitude:1307.300048828125;ExternalPowerVoltage:14.12;Rpm:-999;Speed:59.0;SatelliteNumber:10;Azimuth:55;BatteryLevel:89}]
"[{""Protocol"":""0x2525""";"MessageType:""LocationInfoMessage""";ProtocolHeadType:19;"Imei:""869487061675582""";SerialNo:53415;Mileage:12933161;"Date:""2026-02-07T13:59:05Z""";IopIgnition:true;Latitude:1.9013762474060059;Longitude:-75.9802017211914;Altitude:1280.5999755859375;ExternalPowerVoltage:14.12;Rpm:-999;Speed:50.0;SatelliteNumber:14;Azimuth:106;BatteryLevel:89}]
"[{""Protocol"":""0x2525""";"MessageType:""LocationInfoMessage""";ProtocolHeadType:19;"Imei:""869487061675582""";SerialNo:53416;Mileage:12933930;"Date:""2026-02-07T14:00:39Z""";IopIgnition:true;Latitude:1.9033833742141724;Longitude:-75.973861694335938;Altitude:1256.800048828125;ExternalPowerVoltage:14.05;Rpm:-999;Speed:0.0;SatelliteNumber:14;Azimuth:76;BatteryLevel:89}]
"[{""Protocol"":""0x2525""";"MessageType:""LocationInfoMessage""";ProtocolHeadType:19;"Imei:""869487061675582""";SerialNo:53417;Mileage:12934109;"Date:""2026-02-07T14:01:39Z""";IopIgnition:true;Latitude:1.9035501480102539;Longitude:-75.972274780273438;Altitude:1257.699951171875;ExternalPowerVoltage:14.06;Rpm:-999;Speed:17.0;SatelliteNumber:15;Azimuth:62;BatteryLevel:89}]
"[{""Protocol"":""0x2525""";"MessageType:""LocationInfoMessage""";ProtocolHeadType:19;"Imei:""869487061675582""";SerialNo:53418;Mileage:12934623;"Date:""2026-02-07T14:02:39Z""";IopIgnition:true;Latitude:1.9047399759292603;Longitude:-75.967903137207031;Altitude:1257.9000244140625;ExternalPowerVoltage:14.05;Rpm:-999;Speed:53.0;SatelliteNumber:15;Azimuth:81;BatteryLevel:89}]
"[{""Protocol"":""0x2525""";"MessageType:""LocationInfoMessage""";ProtocolHeadType:19;"Imei:""869487061675582""";SerialNo:53419;Mileage:12935164;"Date:""2026-02-07T14:03:18Z""";IopIgnition:true;Latitude:1.9049378633499146;Longitude:-75.96319580078125;Altitude:1268.5999755859375;ExternalPowerVoltage:14.02;Rpm:-999;Speed:44.0;SatelliteNumber:15;Azimuth:28;BatteryLevel:89}]
"[{""Protocol"":""0x2525""";"MessageType:""LocationInfoMessage""";ProtocolHeadType:19;"Imei:""869487061675582""";SerialNo:53420;Mileage:12935621;"Date:""2026-02-07T14:03:59Z""";IopIgnition:true;Latitude:1.9080420732498169;Longitude:-75.960929870605469;Altitude:1280.0;ExternalPowerVoltage:14.07;Rpm:-999;Speed:42.0;SatelliteNumber:15;Azimuth:75;BatteryLevel:89}]
"[{""Protocol"":""0x2525""";"MessageType:""LocationInfoMessage""";ProtocolHeadType:19;"Imei:""869487061675582""";SerialNo:53421;Mileage:12935794;"Date:""2026-02-07T14:04:12Z""";IopIgnition:true;Latitude:1.9081301689147949;Longitude:-75.959541320800781;Altitude:1267.0999755859375;ExternalPowerVoltage:14.08;Rpm:-999;Speed:49.0;SatelliteNumber:15;Azimuth:25;BatteryLevel:89}]
"[{""Protocol"":""0x2525""";"MessageType:""LocationInfoMessage""";ProtocolHeadType:19;"Imei:""869487061675582""";SerialNo:53422;Mileage:12937146;"Date:""2026-02-07T14:05:39Z""";IopIgnition:true;Latitude:1.9180748462677002;Longitude:-75.953094482421875;Altitude:1235.4000244140625;ExternalPowerVoltage:14.05;Rpm:-999;Speed:51.0;SatelliteNumber:13;Azimuth:19;BatteryLevel:89}]
"[{""Protocol"":""0x2525""";"MessageType:""LocationInfoMessage""";ProtocolHeadType:19;"Imei:""869487061675582""";SerialNo:53423;Mileage:12938152;"Date:""2026-02-07T14:06:39Z""";IopIgnition:true;Latitude:1.9257152080535889;Longitude:-75.949760437011719;Altitude:1213.800048828125;ExternalPowerVoltage:14.11;Rpm:-999;Speed:59.0;SatelliteNumber:15;Azimuth:356;BatteryLevel:89}]
"[{""Protocol"":""0x2525""";"MessageType:""LocationInfoMessage""";ProtocolHeadType:19;"Imei:""869487061675582""";SerialNo:53424;Mileage:12938371;"Date:""2026-02-07T14:06:53Z""";IopIgnition:true;Latitude:1.9275850057601929;Longitude:-75.949501037597656;Altitude:1203.300048828125;ExternalPowerVoltage:14.09;Rpm:-999;Speed:51.0;SatelliteNumber:15;Azimuth:44;BatteryLevel:89}]
"[{""Protocol"":""0x2525""";"MessageType:""LocationInfoMessage""";ProtocolHeadType:19;"Imei:""869487061675582""";SerialNo:53425;Mileage:12939999;"Date:""2026-02-07T14:08:39Z""";IopIgnition:true;Latitude:1.9397988319396973;Longitude:-75.942626953125;Altitude:1169.5;ExternalPowerVoltage:14.04;Rpm:-999;Speed:55.0;SatelliteNumber:15;Azimuth:52;BatteryLevel:89}]
"[{""Protocol"":""0x2525""";"MessageType:""SignInMessage""";ProtocolHeadType:0;"Imei:""869487061675582""";SerialNo:66;"Firmware:""V1.0.1.7""";Model:0;ObdBootVersion:null;ObdDataVersion:null;ObdHareware:null;ObdSoftware:null;Platform:null;"Software:""V0.0.0""}]";;;;
"[{""Protocol"":""0x2525""";"MessageType:""NetworkInfoMessage""";ProtocolHeadType:0;"Imei:""869487061675582""";SerialNo:22;"AccessTechnology:""CAT-1""";"Band:""CAT-1 5""";"Date:""2026-02-07T14:09:20Z""";"Iccid:""89571017024093102320""";"Imsi:""732101720310231""";"NetworkOperator:""CLARO""}]";;;;;;
"[{""Protocol"":""0x2525""";"MessageType:""LocationInfoMessage""";ProtocolHeadType:19;"Imei:""869487061675582""";SerialNo:53426;Mileage:12940975;"Date:""2026-02-07T14:09:39Z""";IopIgnition:true;Latitude:1.9464716911315918;Longitude:-75.9371109008789;Altitude:1137.5999755859375;ExternalPowerVoltage:14.04;Rpm:-999;Speed:67.0;SatelliteNumber:15;Azimuth:50;BatteryLevel:89}]
"[{""Protocol"":""0x2525""";"MessageType:""SignInMessage""";ProtocolHeadType:0;"Imei:""869487061675582""";SerialNo:67;"Firmware:""V1.0.1.7""";Model:0;ObdBootVersion:null;ObdDataVersion:null;ObdHareware:null;ObdSoftware:null;Platform:null;"Software:""V0.0.0""}]";;;;
"[{""Protocol"":""0x2525""";"MessageType:""NetworkInfoMessage""";ProtocolHeadType:0;"Imei:""869487061675582""";SerialNo:23;"AccessTechnology:""CAT-1""";"Band:""CAT-1 28""";"Date:""2026-02-07T14:11:52Z""";"Iccid:""89571017024093102320""";"Imsi:""732101720310231""";"NetworkOperator:""CLARO""}]";;;;;;
"[{""Protocol"":""0x2525""";"MessageType:""LocationInfoMessage""";ProtocolHeadType:19;"Imei:""869487061675582""";SerialNo:53427;Mileage:12941744;"Date:""2026-02-07T14:10:28Z""";IopIgnition:true;Latitude:1.9517009258270264;Longitude:-75.932685852050781;Altitude:1139.4000244140625;ExternalPowerVoltage:14.07;Rpm:-999;Speed:51.0;SatelliteNumber:15;Azimuth:3;BatteryLevel:88}]
"[{""Protocol"":""0x2525""";"MessageType:""LocationInfoMessage""";ProtocolHeadType:19;"Imei:""869487061675582""";SerialNo:53428;Mileage:12941842;"Date:""2026-02-07T14:10:35Z""";IopIgnition:true;Latitude:1.9524804353713989;Longitude:-75.93304443359375;Altitude:1142.5999755859375;ExternalPowerVoltage:14.03;Rpm:-999;Speed:49.0;SatelliteNumber:16;Azimuth:316;BatteryLevel:88}]
"[{""Protocol"":""0x2525""";"MessageType:""LocationInfoMessage""";ProtocolHeadType:19;"Imei:""869487061675582""";SerialNo:53429;Mileage:12942330;"Date:""2026-02-07T14:11:11Z""";IopIgnition:true;Latitude:1.9560298919677734;Longitude:-75.93536376953125;Altitude:1151.0;ExternalPowerVoltage:14.07;Rpm:-999;Speed:43.0;SatelliteNumber:15;Azimuth:15;BatteryLevel:88}]
"[{""Protocol"":""0x2525""";"MessageType:""LocationInfoMessage""";ProtocolHeadType:19;"Imei:""869487061675582""";SerialNo:53430;Mileage:12942598;"Date:""2026-02-07T14:11:34Z""";IopIgnition:true;Latitude:1.9582287073135376;Longitude:-75.934822082519531;Altitude:1137.4000244140625;ExternalPowerVoltage:14.07;Rpm:-999;Speed:42.0;SatelliteNumber:15;Azimuth:62;BatteryLevel:88}]
"[{""Protocol"":""0x2525""";"MessageType:""LocationInfoMessage""";ProtocolHeadType:19;"Imei:""869487061675582""";SerialNo:53431;Mileage:12943047;"Date:""2026-02-07T14:12:08Z""";IopIgnition:true;Latitude:1.9611051082611084;Longitude:-75.93218994140625;Altitude:1091.9000244140625;ExternalPowerVoltage:14.06;Rpm:-999;Speed:43.0;SatelliteNumber:15;Azimuth:12;BatteryLevel:88}]
"[{""Protocol"":""0x2525""";"MessageType:""LocationInfoMessage""";ProtocolHeadType:19;"Imei:""869487061675582""";SerialNo:53432;Mileage:12943574;"Date:""2026-02-07T14:13:02Z""";IopIgnition:true;Latitude:1.965505838394165;Longitude:-75.931648254394531;Altitude:1062.0;ExternalPowerVoltage:14.06;Rpm:-999;Speed:37.0;SatelliteNumber:15;Azimuth:64;BatteryLevel:89}]
"[{""Protocol"":""0x2525""";"MessageType:""LocationInfoMessage""";ProtocolHeadType:19;"Imei:""869487061675582""";SerialNo:53433;Mileage:12943688;"Date:""2026-02-07T14:13:13Z""";IopIgnition:true;Latitude:1.9661328792572021;Longitude:-75.930877685546875;Altitude:1056.5999755859375;ExternalPowerVoltage:14.03;Rpm:-999;Speed:45.0;SatelliteNumber:15;Azimuth:18;BatteryLevel:89}]
"[{""Protocol"":""0x2525""";"MessageType:""LocationInfoMessage""";ProtocolHeadType:19;"Imei:""869487061675582""";SerialNo:53434;Mileage:12944437;"Date:""2026-02-07T14:14:39Z""";IopIgnition:true;Latitude:1.9724295139312744;Longitude:-75.931808471679688;Altitude:1030.0999755859375;ExternalPowerVoltage:14.07;Rpm:-999;Speed:25.0;SatelliteNumber:15;Azimuth:339;BatteryLevel:89}]
"[{""Protocol"":""0x2525""";"MessageType:""LocationInfoMessage""";ProtocolHeadType:19;"Imei:""869487061675582""";SerialNo:53435;Mileage:12944759;"Date:""2026-02-07T14:15:39Z""";IopIgnition:true;Latitude:1.9751312732696533;Longitude:-75.932830810546875;Altitude:1025.5;ExternalPowerVoltage:14.04;Rpm:-999;Speed:17.0;SatelliteNumber:15;Azimuth:341;BatteryLevel:89}]
"[{""Protocol"":""0x2525""";"MessageType:""LocationInfoMessage""";ProtocolHeadType:19;"Imei:""869487061675582""";SerialNo:53436;Mileage:12945223;"Date:""2026-02-07T14:16:39Z""";IopIgnition:true;Latitude:1.9791721105575562;Longitude:-75.933403015136719;Altitude:1026.4000244140625;ExternalPowerVoltage:14.04;Rpm:-999;Speed:32.0;SatelliteNumber:14;Azimuth:3;BatteryLevel:89}]
"[{""Protocol"":""0x2525""";"MessageType:""LocationInfoMessage""";ProtocolHeadType:19;"Imei:""869487061675582""";SerialNo:53437;Mileage:12945347;"Date:""2026-02-07T14:16:59Z""";IopIgnition:true;Latitude:1.9802544116973877;Longitude:-75.933212280273438;Altitude:1021.5;ExternalPowerVoltage:14.02;Rpm:-999;Speed:10.0;SatelliteNumber:15;Azimuth:51;BatteryLevel:89}]
"[{""Protocol"":""0x2525""";"MessageType:""LocationAlarmMessage""";ProtocolHeadType:20;"Imei:""869487061675582""";SerialNo:2867;Mileage:12945368;"Date:""2026-02-07T14:17:09Z""";IopIgnition:false;Latitude:1.9803506135940552;Longitude:-75.933052062988281;Altitude:1022.2999877929688;ExternalPowerVoltage:14.07;Rpm:-999;Speed:5.0;SatelliteNumber:14;Azimuth:67;OriginalAlarmCode:23}]
"[{""Protocol"":""0x2525""";"MessageType:""SignInMessage""";ProtocolHeadType:0;"Imei:""869487061675582""";SerialNo:68;"Firmware:""V1.0.1.7""";Model:0;ObdBootVersion:null;ObdDataVersion:null;ObdHareware:null;ObdSoftware:null;Platform:null;"Software:""V0.0.0""}]";;;;
"[{""Protocol"":""0x2525""";"MessageType:""NetworkInfoMessage""";ProtocolHeadType:0;"Imei:""869487061675582""";SerialNo:24;"AccessTechnology:""CAT-1""";"Band:""CAT-1 7""";"Date:""2026-02-07T15:02:54Z""";"Iccid:""89571017024093102320""";"Imsi:""732101720310231""";"NetworkOperator:""CLARO""}]";;;;;;
"[{""Protocol"":""0x2525""";"MessageType:""LocationInfoMessage""";ProtocolHeadType:19;"Imei:""869487061675582""";SerialNo:53438;Mileage:12945368;"Date:""2026-02-07T15:17:39Z""";IopIgnition:false;Latitude:1.9803506135940552;Longitude:-75.933052062988281;Altitude:1022.2999877929688;ExternalPowerVoltage:12.73;Rpm:-999;Speed:0.0;SatelliteNumber:15;Azimuth:67;BatteryLevel:91}]
"[{""Protocol"":""0x2525""";"MessageType:""LocationAlarmMessage""";ProtocolHeadType:20;"Imei:""869487061675582""";SerialNo:2868;Mileage:12945368;"Date:""2026-02-07T15:53:17Z""";IopIgnition:true;Latitude:1.9803506135940552;Longitude:-75.933052062988281;Altitude:1022.2999877929688;ExternalPowerVoltage:12.02;Rpm:-999;Speed:0.0;SatelliteNumber:15;Azimuth:67;OriginalAlarmCode:22}]
"[{""Protocol"":""0x2525""";"MessageType:""LocationInfoMessage""";ProtocolHeadType:19;"Imei:""869487061675582""";SerialNo:53439;Mileage:12945375;"Date:""2026-02-07T15:53:34Z""";IopIgnition:true;Latitude:1.9803565740585327;Longitude:-75.932991027832031;Altitude:1022.9000244140625;ExternalPowerVoltage:14.04;Rpm:-999;Speed:5.0;SatelliteNumber:16;Azimuth:146;BatteryLevel:91}]
"[{""Protocol"":""0x2525""";"MessageType:""LocationInfoMessage""";ProtocolHeadType:19;"Imei:""869487061675582""";SerialNo:53440;Mileage:12945419;"Date:""2026-02-07T15:54:09Z""";IopIgnition:true;Latitude:1.9799866676330566;Longitude:-75.932861328125;Altitude:1024.800048828125;ExternalPowerVoltage:14.09;Rpm:-999;Speed:9.0;SatelliteNumber:15;Azimuth:231;BatteryLevel:92}]
"[{""Protocol"":""0x2525""";"MessageType:""LocationInfoMessage""";ProtocolHeadType:19;"Imei:""869487061675582""";SerialNo:53441;Mileage:12945483;"Date:""2026-02-07T15:54:52Z""";IopIgnition:true;Latitude:1.9797136783599854;Longitude:-75.9333267211914;Altitude:1019.0999755859375;ExternalPowerVoltage:14.05;Rpm:-999;Speed:19.0;SatelliteNumber:14;Azimuth:183;BatteryLevel:92}]
"[{""Protocol"":""0x2525""";"MessageType:""LocationInfoMessage""";ProtocolHeadType:19;"Imei:""869487061675582""";SerialNo:53442;Mileage:12945540;"Date:""2026-02-07T15:55:03Z""";IopIgnition:true;Latitude:1.9792118072509766;Longitude:-75.9333267211914;Altitude:1021.9000244140625;ExternalPowerVoltage:14.07;Rpm:-999;Speed:8.0;SatelliteNumber:16;Azimuth:112;BatteryLevel:92}]
"[{""Protocol"":""0x2525""";"MessageType:""LocationInfoMessage""";ProtocolHeadType:19;"Imei:""869487061675582""";SerialNo:53443;Mileage:12945634;"Date:""2026-02-07T15:55:24Z""";IopIgnition:true;Latitude:1.9789557456970215;Longitude:-75.932540893554688;Altitude:1027.9000244140625;ExternalPowerVoltage:14.06;Rpm:-999;Speed:10.0;SatelliteNumber:14;Azimuth:177;BatteryLevel:92}]
"[{""Protocol"":""0x2525""";"MessageType:""LocationInfoMessage""";ProtocolHeadType:19;"Imei:""869487061675582""";SerialNo:53444;Mileage:12945705;"Date:""2026-02-07T15:55:41Z""";IopIgnition:true;Latitude:1.9783420562744141;Longitude:-75.9326400756836;Altitude:1023.9000244140625;ExternalPowerVoltage:14.08;Rpm:-999;Speed:7.0;SatelliteNumber:15;Azimuth:120;BatteryLevel:91}]
"[{""Protocol"":""0x2525""";"MessageType:""LocationInfoMessage""";ProtocolHeadType:19;"Imei:""869487061675582""";SerialNo:53445;Mileage:12945714;"Date:""2026-02-07T15:55:45Z""";IopIgnition:true;Latitude:1.9783399105072021;Longitude:-75.932563781738281;Altitude:1025.5;ExternalPowerVoltage:14.04;Rpm:-999;Speed:8.0;SatelliteNumber:15;Azimuth:72;BatteryLevel:91}]
"[{""Protocol"":""0x2525""";"MessageType:""LocationInfoMessage""";ProtocolHeadType:19;"Imei:""869487061675582""";SerialNo:53446;Mileage:12945778;"Date:""2026-02-07T15:56:02Z""";IopIgnition:true;Latitude:1.9783852100372314;Longitude:-75.9320068359375;Altitude:1030.800048828125;ExternalPowerVoltage:14.04;Rpm:-999;Speed:8.0;SatelliteNumber:16;Azimuth:175;BatteryLevel:91}]
"[{""Protocol"":""0x2525""";"MessageType:""LocationInfoMessage""";ProtocolHeadType:19;"Imei:""869487061675582""";SerialNo:53447;Mileage:12945792;"Date:""2026-02-07T15:57:18Z""";IopIgnition:true;Latitude:1.9782618284225464;Longitude:-75.931991577148438;Altitude:1030.0;ExternalPowerVoltage:13.96;Rpm:-999;Speed:0.0;SatelliteNumber:16;Azimuth:191;BatteryLevel:91}]
"[{""Protocol"":""0x2525""";"MessageType:""LocationInfoMessage""";ProtocolHeadType:19;"Imei:""869487061675582""";SerialNo:53448;Mileage:12945792;"Date:""2026-02-07T15:58:18Z""";IopIgnition:true;Latitude:1.9782618284225464;Longitude:-75.931991577148438;Altitude:1030.0;ExternalPowerVoltage:13.95;Rpm:-999;Speed:0.0;SatelliteNumber:14;Azimuth:191;BatteryLevel:91}]
"[{""Protocol"":""0x2525""";"MessageType:""LocationInfoMessage""";ProtocolHeadType:19;"Imei:""869487061675582""";SerialNo:53449;Mileage:12945792;"Date:""2026-02-07T15:59:18Z""";IopIgnition:true;Latitude:1.9782618284225464;Longitude:-75.931991577148438;Altitude:1030.0;ExternalPowerVoltage:13.93;Rpm:-999;Speed:0.0;SatelliteNumber:15;Azimuth:191;BatteryLevel:92}]
"[{""Protocol"":""0x2525""";"MessageType:""LocationInfoMessage""";ProtocolHeadType:19;"Imei:""869487061675582""";SerialNo:53450;Mileage:12945792;"Date:""2026-02-07T16:00:18Z""";IopIgnition:true;Latitude:1.9782618284225464;Longitude:-75.931991577148438;Altitude:1030.0;ExternalPowerVoltage:13.91;Rpm:-999;Speed:0.0;SatelliteNumber:15;Azimuth:191;BatteryLevel:92}]
"[{""Protocol"":""0x2525""";"MessageType:""LocationInfoMessage""";ProtocolHeadType:19;"Imei:""869487061675582""";SerialNo:53451;Mileage:12945837;"Date:""2026-02-07T16:01:18Z""";IopIgnition:true;Latitude:1.9778593778610229;Longitude:-75.931938171386719;Altitude:1029.0;ExternalPowerVoltage:13.93;Rpm:-999;Speed:7.0;SatelliteNumber:17;Azimuth:167;BatteryLevel:92}]
"[{""Protocol"":""0x2525""";"MessageType:""LocationInfoMessage""";ProtocolHeadType:19;"Imei:""869487061675582""";SerialNo:53452;Mileage:12945856;"Date:""2026-02-07T16:02:17Z""";IopIgnition:true;Latitude:1.9776891469955444;Longitude:-75.931930541992188;Altitude:1028.5;ExternalPowerVoltage:13.93;Rpm:-999;Speed:0.0;SatelliteNumber:17;Azimuth:172;BatteryLevel:92}]
"[{""Protocol"":""0x2525""";"MessageType:""LocationInfoMessage""";ProtocolHeadType:19;"Imei:""869487061675582""";SerialNo:53453;Mileage:12945856;"Date:""2026-02-07T16:03:18Z""";IopIgnition:true;Latitude:1.9776891469955444;Longitude:-75.931930541992188;Altitude:1028.5;ExternalPowerVoltage:13.72;Rpm:-999;Speed:0.0;SatelliteNumber:16;Azimuth:172;BatteryLevel:92}]
"[{""Protocol"":""0x2525""";"MessageType:""LocationInfoMessage""";ProtocolHeadType:19;"Imei:""869487061675582""";SerialNo:53454;Mileage:12945892;"Date:""2026-02-07T16:04:18Z""";IopIgnition:true;Latitude:1.9773827791213989;Longitude:-75.931831359863281;Altitude:1030.0;ExternalPowerVoltage:13.94;Rpm:-999;Speed:0.0;SatelliteNumber:17;Azimuth:174;BatteryLevel:92}]
"[{""Protocol"":""0x2525""";"MessageType:""LocationInfoMessage""";ProtocolHeadType:19;"Imei:""869487061675582""";SerialNo:53455;Mileage:12945892;"Date:""2026-02-07T16:05:18Z""";IopIgnition:true;Latitude:1.9773827791213989;Longitude:-75.931831359863281;Altitude:1030.0;ExternalPowerVoltage:13.93;Rpm:-999;Speed:0.0;SatelliteNumber:17;Azimuth:174;BatteryLevel:92}]
"[{""Protocol"":""0x2525""";"MessageType:""LocationInfoMessage""";ProtocolHeadType:19;"Imei:""869487061675582""";SerialNo:53456;Mileage:12945892;"Date:""2026-02-07T16:06:18Z""";IopIgnition:true;Latitude:1.9773827791213989;Longitude:-75.931831359863281;Altitude:1030.0;ExternalPowerVoltage:13.93;Rpm:-999;Speed:0.0;SatelliteNumber:16;Azimuth:174;BatteryLevel:92}]
"[{""Protocol"":""0x2525""";"MessageType:""LocationInfoMessage""";ProtocolHeadType:19;"Imei:""869487061675582""";SerialNo:53457;Mileage:12945892;"Date:""2026-02-07T16:07:18Z""";IopIgnition:true;Latitude:1.9773827791213989;Longitude:-75.931831359863281;Altitude:1030.0;ExternalPowerVoltage:13.9;Rpm:-999;Speed:0.0;SatelliteNumber:16;Azimuth:174;BatteryLevel:92}]
"[{""Protocol"":""0x2525""";"MessageType:""LocationInfoMessage""";ProtocolHeadType:19;"Imei:""869487061675582""";SerialNo:53458;Mileage:12945892;"Date:""2026-02-07T16:08:18Z""";IopIgnition:true;Latitude:1.9773827791213989;Longitude:-75.931831359863281;Altitude:1030.0;ExternalPowerVoltage:13.88;Rpm:-999;Speed:0.0;SatelliteNumber:16;Azimuth:174;BatteryLevel:92}]
"[{""Protocol"":""0x2525""";"MessageType:""LocationInfoMessage""";ProtocolHeadType:19;"Imei:""869487061675582""";SerialNo:53459;Mileage:12945892;"Date:""2026-02-07T16:09:17Z""";IopIgnition:true;Latitude:1.9773827791213989;Longitude:-75.931831359863281;Altitude:1030.0;ExternalPowerVoltage:13.87;Rpm:-999;Speed:0.0;SatelliteNumber:16;Azimuth:174;BatteryLevel:92}]
"[{""Protocol"":""0x2525""";"MessageType:""LocationInfoMessage""";ProtocolHeadType:19;"Imei:""869487061675582""";SerialNo:53460;Mileage:12945892;"Date:""2026-02-07T16:10:18Z""";IopIgnition:true;Latitude:1.9773827791213989;Longitude:-75.931831359863281;Altitude:1030.0;ExternalPowerVoltage:13.86;Rpm:-999;Speed:0.0;SatelliteNumber:16;Azimuth:174;BatteryLevel:92}]
"[{""Protocol"":""0x2525""";"MessageType:""LocationInfoMessage""";ProtocolHeadType:19;"Imei:""869487061675582""";SerialNo:53461;Mileage:12945892;"Date:""2026-02-07T16:11:18Z""";IopIgnition:true;Latitude:1.9773827791213989;Longitude:-75.931831359863281;Altitude:1030.0;ExternalPowerVoltage:13.85;Rpm:-999;Speed:0.0;SatelliteNumber:16;Azimuth:174;BatteryLevel:92}]
"[{""Protocol"":""0x2525""";"MessageType:""LocationInfoMessage""";ProtocolHeadType:19;"Imei:""869487061675582""";SerialNo:53462;Mileage:12945892;"Date:""2026-02-07T16:12:18Z""";IopIgnition:true;Latitude:1.9773827791213989;Longitude:-75.931831359863281;Altitude:1030.0;ExternalPowerVoltage:13.84;Rpm:-999;Speed:0.0;SatelliteNumber:15;Azimuth:174;BatteryLevel:92}]
"[{""Protocol"":""0x2525""";"MessageType:""LocationInfoMessage""";ProtocolHeadType:19;"Imei:""869487061675582""";SerialNo:53463;Mileage:12945892;"Date:""2026-02-07T16:13:18Z""";IopIgnition:true;Latitude:1.9773827791213989;Longitude:-75.931831359863281;Altitude:1030.0;ExternalPowerVoltage:13.84;Rpm:-999;Speed:0.0;SatelliteNumber:15;Azimuth:174;BatteryLevel:92}]
"[{""Protocol"":""0x2525""";"MessageType:""LocationInfoMessage""";ProtocolHeadType:19;"Imei:""869487061675582""";SerialNo:53464;Mileage:12945892;"Date:""2026-02-07T16:14:18Z""";IopIgnition:true;Latitude:1.9773827791213989;Longitude:-75.931831359863281;Altitude:1030.0;ExternalPowerVoltage:13.81;Rpm:-999;Speed:0.0;SatelliteNumber:14;Azimuth:174;BatteryLevel:92}]
"[{""Protocol"":""0x2525""";"MessageType:""LocationInfoMessage""";ProtocolHeadType:19;"Imei:""869487061675582""";SerialNo:53465;Mileage:12945892;"Date:""2026-02-07T16:15:18Z""";IopIgnition:true;Latitude:1.9773827791213989;Longitude:-75.931831359863281;Altitude:1030.0;ExternalPowerVoltage:13.84;Rpm:-999;Speed:0.0;SatelliteNumber:14;Azimuth:174;BatteryLevel:92}]
"[{""Protocol"":""0x2525""";"MessageType:""LocationInfoMessage""";ProtocolHeadType:19;"Imei:""869487061675582""";SerialNo:53466;Mileage:12945892;"Date:""2026-02-07T16:16:18Z""";IopIgnition:true;Latitude:1.9773827791213989;Longitude:-75.931831359863281;Altitude:1030.0;ExternalPowerVoltage:13.82;Rpm:-999;Speed:0.0;SatelliteNumber:15;Azimuth:174;BatteryLevel:92}]
"[{""Protocol"":""0x2525""";"MessageType:""LocationAlarmMessage""";ProtocolHeadType:20;"Imei:""869487061675582""";SerialNo:2869;Mileage:12945892;"Date:""2026-02-07T16:16:23Z""";IopIgnition:false;Latitude:1.9773827791213989;Longitude:-75.931831359863281;Altitude:1030.0;ExternalPowerVoltage:13.77;Rpm:-999;Speed:0.0;SatelliteNumber:15;Azimuth:174;OriginalAlarmCode:23}]
"[{""Protocol"":""0x2525""";"MessageType:""SignInMessage""";ProtocolHeadType:0;"Imei:""869487061675582""";SerialNo:69;"Firmware:""V1.0.1.7""";Model:0;ObdBootVersion:null;ObdDataVersion:null;ObdHareware:null;ObdSoftware:null;Platform:null;"Software:""V0.0.0""}]";;;;
"[{""Protocol"":""0x2525""";"MessageType:""NetworkInfoMessage""";ProtocolHeadType:0;"Imei:""869487061675582""";SerialNo:25;"AccessTechnology:""CAT-1""";"Band:""CAT-1 28""";"Date:""2026-02-07T16:47:27Z""";"Iccid:""89571017024093102320""";"Imsi:""732101720310231""";"NetworkOperator:""CLARO""}]";;;;;;
"[{""Protocol"":""0x2525""";"MessageType:""LocationAlarmMessage""";ProtocolHeadType:20;"Imei:""869487061675582""";SerialNo:2870;Mileage:12945892;"Date:""2026-02-07T16:53:19Z""";IopIgnition:true;Latitude:1.9773827791213989;Longitude:-75.931831359863281;Altitude:1030.0;ExternalPowerVoltage:12.18;Rpm:-999;Speed:0.0;SatelliteNumber:16;Azimuth:174;OriginalAlarmCode:22}]
"[{""Protocol"":""0x2525""";"MessageType:""LocationInfoMessage""";ProtocolHeadType:19;"Imei:""869487061675582""";SerialNo:53467;Mileage:12945963;"Date:""2026-02-07T16:54:12Z""";IopIgnition:true;Latitude:1.9767938852310181;Longitude:-75.931831359863281;Altitude:1024.4000244140625;ExternalPowerVoltage:14.0;Rpm:-999;Speed:10.0;SatelliteNumber:16;Azimuth:267;BatteryLevel:93}]
"[{""Protocol"":""0x2525""";"MessageType:""LocationInfoMessage""";ProtocolHeadType:19;"Imei:""869487061675582""";SerialNo:53468;Mileage:12946004;"Date:""2026-02-07T16:55:21Z""";IopIgnition:true;Latitude:1.9767277240753174;Longitude:-75.93218994140625;Altitude:1024.800048828125;ExternalPowerVoltage:13.96;Rpm:-999;Speed:0.0;SatelliteNumber:18;Azimuth:266;BatteryLevel:93}]
"[{""Protocol"":""0x2525""";"MessageType:""LocationInfoMessage""";ProtocolHeadType:19;"Imei:""869487061675582""";SerialNo:53469;Mileage:12946004;"Date:""2026-02-07T16:56:21Z""";IopIgnition:true;Latitude:1.9767277240753174;Longitude:-75.93218994140625;Altitude:1024.800048828125;ExternalPowerVoltage:13.93;Rpm:-999;Speed:0.0;SatelliteNumber:16;Azimuth:266;BatteryLevel:93}]
"[{""Protocol"":""0x2525""";"MessageType:""LocationInfoMessage""";ProtocolHeadType:19;"Imei:""869487061675582""";SerialNo:53470;Mileage:12946026;"Date:""2026-02-07T16:57:21Z""";IopIgnition:true;Latitude:1.976693868637085;Longitude:-75.932388305664063;Altitude:1027.4000244140625;ExternalPowerVoltage:13.94;Rpm:-999;Speed:5.0;SatelliteNumber:17;Azimuth:284;BatteryLevel:93}]
"[{""Protocol"":""0x2525""";"MessageType:""LocationInfoMessage""";ProtocolHeadType:19;"Imei:""869487061675582""";SerialNo:53471;Mileage:12946042;"Date:""2026-02-07T16:57:45Z""";IopIgnition:true;Latitude:1.9768334627151489;Longitude:-75.932426452636719;Altitude:1029.800048828125;ExternalPowerVoltage:13.95;Rpm:-999;Speed:17.0;SatelliteNumber:17;Azimuth:353;BatteryLevel:93}]
"[{""Protocol"":""0x2525""";"MessageType:""LocationInfoMessage""";ProtocolHeadType:19;"Imei:""869487061675582""";SerialNo:53472;Mileage:12946144;"Date:""2026-02-07T16:58:02Z""";IopIgnition:true;Latitude:1.9777024984359741;Longitude:-75.932601928710938;Altitude:1028.699951171875;ExternalPowerVoltage:13.92;Rpm:-999;Speed:6.0;SatelliteNumber:18;Azimuth:268;BatteryLevel:93}]
"[{""Protocol"":""0x2525""";"MessageType:""LocationInfoMessage""";ProtocolHeadType:19;"Imei:""869487061675582""";SerialNo:53473;Mileage:12946357;"Date:""2026-02-07T16:58:43Z""";IopIgnition:true;Latitude:1.9773362874984741;Longitude:-75.9344711303711;Altitude:1020.0999755859375;ExternalPowerVoltage:13.93;Rpm:-999;Speed:6.0;SatelliteNumber:17;Azimuth:219;BatteryLevel:93}]
"[{""Protocol"":""0x2525""";"MessageType:""LocationInfoMessage""";ProtocolHeadType:19;"Imei:""869487061675582""";SerialNo:53474;Mileage:12946374;"Date:""2026-02-07T16:58:48Z""";IopIgnition:true;Latitude:1.9771897792816162;Longitude:-75.934478759765625;Altitude:1020.2000122070313;ExternalPowerVoltage:13.93;Rpm:-999;Speed:15.0;SatelliteNumber:18;Azimuth:161;BatteryLevel:93}]
"[{""Protocol"":""0x2525""";"MessageType:""LocationInfoMessage""";ProtocolHeadType:19;"Imei:""869487061675582""";SerialNo:53475;Mileage:12946946;"Date:""2026-02-07T17:00:21Z""";IopIgnition:true;Latitude:1.9723753929138184;Longitude:-75.93267822265625;Altitude:1025.199951171875;ExternalPowerVoltage:13.94;Rpm:-999;Speed:19.0;SatelliteNumber:17;Azimuth:158;BatteryLevel:93}]
"[{""Protocol"":""0x2525""";"MessageType:""LocationInfoMessage""";ProtocolHeadType:19;"Imei:""869487061675582""";SerialNo:53476;Mileage:12947196;"Date:""2026-02-07T17:01:21Z""";IopIgnition:true;Latitude:1.9702625274658203;Longitude:-75.931930541992188;Altitude:1031.5;ExternalPowerVoltage:13.9;Rpm:-999;Speed:17.0;SatelliteNumber:17;Azimuth:159;BatteryLevel:93}]
"[{""Protocol"":""0x2525""";"MessageType:""LocationInfoMessage""";ProtocolHeadType:19;"Imei:""869487061675582""";SerialNo:53477;Mileage:12947508;"Date:""2026-02-07T17:02:21Z""";IopIgnition:true;Latitude:1.9676530361175537;Longitude:-75.930923461914063;Altitude:1044.300048828125;ExternalPowerVoltage:13.88;Rpm:-999;Speed:16.0;SatelliteNumber:16;Azimuth:175;BatteryLevel:93}]
"[{""Protocol"":""0x2525""";"MessageType:""LocationInfoMessage""";ProtocolHeadType:19;"Imei:""869487061675582""";SerialNo:53478;Mileage:12947704;"Date:""2026-02-07T17:02:57Z""";IopIgnition:true;Latitude:1.9659737348556519;Longitude:-75.931083679199219;Altitude:1056.0999755859375;ExternalPowerVoltage:13.91;Rpm:-999;Speed:32.0;SatelliteNumber:16;Azimuth:234;BatteryLevel:93}]
"[{""Protocol"":""0x2525""";"MessageType:""LocationInfoMessage""";ProtocolHeadType:19;"Imei:""869487061675582""";SerialNo:53479;Mileage:12948026;"Date:""2026-02-07T17:03:56Z""";IopIgnition:true;Latitude:1.9637140035629272;Longitude:-75.932708740234375;Altitude:1064.4000244140625;ExternalPowerVoltage:13.9;Rpm:-999;Speed:36.0;SatelliteNumber:18;Azimuth:187;BatteryLevel:93}]
"[{""Protocol"":""0x2525""";"MessageType:""LocationInfoMessage""";ProtocolHeadType:19;"Imei:""869487061675582""";SerialNo:53480;Mileage:12948354;"Date:""2026-02-07T17:04:28Z""";IopIgnition:true;Latitude:1.9609165191650391;Longitude:-75.932426452636719;Altitude:1083.300048828125;ExternalPowerVoltage:13.93;Rpm:-999;Speed:28.0;SatelliteNumber:17;Azimuth:234;BatteryLevel:93}]
"[{""Protocol"":""0x2525""";"MessageType:""LocationInfoMessage""";ProtocolHeadType:19;"Imei:""869487061675582""";SerialNo:53481;Mileage:12948830;"Date:""2026-02-07T17:05:45Z""";IopIgnition:true;Latitude:1.9578533172607422;Longitude:-75.9351806640625;Altitude:1118.5;ExternalPowerVoltage:13.91;Rpm:-999;Speed:33.0;SatelliteNumber:17;Azimuth:179;BatteryLevel:93}]
"[{""Protocol"":""0x2525""";"MessageType:""LocationInfoMessage""";ProtocolHeadType:19;"Imei:""869487061675582""";SerialNo:53482;Mileage:12949092;"Date:""2026-02-07T17:06:18Z""";IopIgnition:true;Latitude:1.955623984336853;Longitude:-75.93511962890625;Altitude:1142.5999755859375;ExternalPowerVoltage:13.88;Rpm:-999;Speed:27.0;SatelliteNumber:16;Azimuth:127;BatteryLevel:93}]
"[{""Protocol"":""0x2525""";"MessageType:""LocationInfoMessage""";ProtocolHeadType:19;"Imei:""869487061675582""";SerialNo:53483;Mileage:12949585;"Date:""2026-02-07T17:07:11Z""";IopIgnition:true;Latitude:1.9520056247711182;Longitude:-75.93280029296875;Altitude:1149.5999755859375;ExternalPowerVoltage:13.89;Rpm:-999;Speed:31.0;SatelliteNumber:17;Azimuth:181;BatteryLevel:93}]
"[{""Protocol"":""0x2525""";"MessageType:""LocationInfoMessage""";ProtocolHeadType:19;"Imei:""869487061675582""";SerialNo:53484;Mileage:12949762;"Date:""2026-02-07T17:07:26Z""";IopIgnition:true;Latitude:1.9507017135620117;Longitude:-75.93359375;Altitude:1131.4000244140625;ExternalPowerVoltage:13.92;Rpm:-999;Speed:47.0;SatelliteNumber:17;Azimuth:230;BatteryLevel:93}]
"[{""Protocol"":""0x2525""";"MessageType:""LocationInfoMessage""";ProtocolHeadType:19;"Imei:""869487061675582""";SerialNo:53484;Mileage:12949762;"Date:""2026-02-07T17:07:26Z""";IopIgnition:true;Latitude:1.9507017135620117;Longitude:-75.93359375;Altitude:1131.4000244140625;ExternalPowerVoltage:13.92;Rpm:-999;Speed:47.0;SatelliteNumber:17;Azimuth:230;BatteryLevel:93}]
"[{""Protocol"":""0x2525""";"MessageType:""LocationInfoMessage""";ProtocolHeadType:19;"Imei:""869487061675582""";SerialNo:53484;Mileage:12949762;"Date:""2026-02-07T17:07:26Z""";IopIgnition:true;Latitude:1.9507017135620117;Longitude:-75.93359375;Altitude:1131.4000244140625;ExternalPowerVoltage:13.92;Rpm:-999;Speed:47.0;SatelliteNumber:17;Azimuth:230;BatteryLevel:93}]
"[{""Protocol"":""0x2525""";"MessageType:""LocationInfoMessage""";ProtocolHeadType:19;"Imei:""869487061675582""";SerialNo:53484;Mileage:12949762;"Date:""2026-02-07T17:07:26Z""";IopIgnition:true;Latitude:1.9507017135620117;Longitude:-75.93359375;Altitude:1131.4000244140625;ExternalPowerVoltage:13.92;Rpm:-999;Speed:47.0;SatelliteNumber:17;Azimuth:230;BatteryLevel:93}]
"[{""Protocol"":""0x2525""";"MessageType:""SignInMessage""";ProtocolHeadType:0;"Imei:""869487061675582""";SerialNo:70;"Firmware:""V1.0.1.7""";Model:0;ObdBootVersion:null;ObdDataVersion:null;ObdHareware:null;ObdSoftware:null;Platform:null;"Software:""V0.0.0""}]";;;;
"[{""Protocol"":""0x2525""";"MessageType:""LocationInfoMessage""";ProtocolHeadType:19;"Imei:""869487061675582""";SerialNo:53484;Mileage:12949762;"Date:""2026-02-07T17:07:26Z""";IopIgnition:true;Latitude:1.9507017135620117;Longitude:-75.93359375;Altitude:1131.4000244140625;ExternalPowerVoltage:13.92;Rpm:-999;Speed:47.0;SatelliteNumber:17;Azimuth:230;BatteryLevel:93}]
"[{""Protocol"":""0x2525""";"MessageType:""LocationInfoMessage""";ProtocolHeadType:19;"Imei:""869487061675582""";SerialNo:53485;Mileage:12951600;"Date:""2026-02-07T17:09:21Z""";IopIgnition:true;Latitude:1.9383177757263184;Longitude:-75.944099426269531;Altitude:1152.9000244140625;ExternalPowerVoltage:13.93;Rpm:-999;Speed:62.0;SatelliteNumber:17;Azimuth:201;BatteryLevel:93}]
"[{""Protocol"":""0x2525""";"MessageType:""LocationInfoMessage""";ProtocolHeadType:19;"Imei:""869487061675582""";SerialNo:53486;Mileage:12952291;"Date:""2026-02-07T17:10:21Z""";IopIgnition:true;Latitude:1.9333568811416626;Longitude:-75.947669982910156;Altitude:1193.4000244140625;ExternalPowerVoltage:13.93;Rpm:-999;Speed:40.0;SatelliteNumber:17;Azimuth:225;BatteryLevel:93}]
"[{""Protocol"":""0x2525""";"MessageType:""LocationInfoMessage""";ProtocolHeadType:19;"Imei:""869487061675582""";SerialNo:53487;Mileage:12953077;"Date:""2026-02-07T17:11:19Z""";IopIgnition:true;Latitude:1.926927924156189;Longitude:-75.9498062133789;Altitude:1209.9000244140625;ExternalPowerVoltage:13.96;Rpm:-999;Speed:39.0;SatelliteNumber:17;Azimuth:177;BatteryLevel:93}]
"[{""Protocol"":""0x2525""";"MessageType:""SignInMessage""";ProtocolHeadType:0;"Imei:""869487061675582""";SerialNo:71;"Firmware:""V1.0.1.7""";Model:0;ObdBootVersion:null;ObdDataVersion:null;ObdHareware:null;ObdSoftware:null;Platform:null;"Software:""V0.0.0""}]";;;;
"[{""Protocol"":""0x2525""";"MessageType:""NetworkInfoMessage""";ProtocolHeadType:0;"Imei:""869487061675582""";SerialNo:26;"AccessTechnology:""CAT-1""";"Band:""CAT-1 28""";"Date:""2026-02-07T17:12:03Z""";"Iccid:""89571017024093102320""";"Imsi:""732101720310231""";"NetworkOperator:""CLARO""}]";;;;;;
"[{""Protocol"":""0x2525""";"MessageType:""LocationInfoMessage""";ProtocolHeadType:19;"Imei:""869487061675582""";SerialNo:53488;Mileage:12953730;"Date:""2026-02-07T17:12:21Z""";IopIgnition:true;Latitude:1.9214038848876953;Longitude:-75.950447082519531;Altitude:1223.0999755859375;ExternalPowerVoltage:13.91;Rpm:-999;Speed:43.0;SatelliteNumber:16;Azimuth:216;BatteryLevel:92}]
"[{""Protocol"":""0x2525""";"MessageType:""LocationInfoMessage""";ProtocolHeadType:19;"Imei:""869487061675582""";SerialNo:53489;Mileage:12954617;"Date:""2026-02-07T17:13:21Z""";IopIgnition:true;Latitude:1.9151543378829956;Longitude:-75.9552230834961;Altitude:1232.199951171875;ExternalPowerVoltage:13.93;Rpm:-999;Speed:64.0;SatelliteNumber:17;Azimuth:220;BatteryLevel:93}]
"[{""Protocol"":""0x2525""";"MessageType:""LocationInfoMessage""";ProtocolHeadType:19;"Imei:""869487061675582""";SerialNo:53490;Mileage:12955483;"Date:""2026-02-07T17:14:21Z""";IopIgnition:true;Latitude:1.9088737964630127;Longitude:-75.959419250488281;Altitude:1257.4000244140625;ExternalPowerVoltage:13.95;Rpm:-999;Speed:34.0;SatelliteNumber:18;Azimuth:185;BatteryLevel:93}]
"[{""Protocol"":""0x2525""";"MessageType:""LocationInfoMessage""";ProtocolHeadType:19;"Imei:""869487061675582""";SerialNo:53491;Mileage:12955587;"Date:""2026-02-07T17:14:36Z""";IopIgnition:true;Latitude:1.9080079793930054;Longitude:-75.9596939086914;Altitude:1263.0999755859375;ExternalPowerVoltage:13.94;Rpm:-999;Speed:17.0;SatelliteNumber:18;Azimuth:232;BatteryLevel:93}]
"[{""Protocol"":""0x2525""";"MessageType:""LocationInfoMessage""";ProtocolHeadType:19;"Imei:""869487061675582""";SerialNo:53492;Mileage:12955639;"Date:""2026-02-07T17:14:49Z""";IopIgnition:true;Latitude:1.907942533493042;Longitude:-75.960136413574219;Altitude:1269.800048828125;ExternalPowerVoltage:13.93;Rpm:-999;Speed:19.0;SatelliteNumber:18;Azimuth:290;BatteryLevel:93}]
"[{""Protocol"":""0x2525""";"MessageType:""LocationInfoMessage""";ProtocolHeadType:19;"Imei:""869487061675582""";SerialNo:53493;Mileage:12955747;"Date:""2026-02-07T17:15:11Z""";IopIgnition:true;Latitude:1.9080727100372314;Longitude:-75.961044311523438;Altitude:1278.199951171875;ExternalPowerVoltage:13.93;Rpm:-999;Speed:19.0;SatelliteNumber:18;Azimuth:241;BatteryLevel:93}]
"[{""Protocol"":""0x2525""";"MessageType:""LocationInfoMessage""";ProtocolHeadType:19;"Imei:""869487061675582""";SerialNo:53494;Mileage:12956096;"Date:""2026-02-07T17:15:53Z""";IopIgnition:true;Latitude:1.9058481454849243;Longitude:-75.9631118774414;Altitude:1277.699951171875;ExternalPowerVoltage:13.97;Rpm:-999;Speed:38.0;SatelliteNumber:18;Azimuth:191;BatteryLevel:93}]
"[{""Protocol"":""0x2525""";"MessageType:""LocationInfoMessage""";ProtocolHeadType:19;"Imei:""869487061675582""";SerialNo:53495;Mileage:12956218;"Date:""2026-02-07T17:16:04Z""";IopIgnition:true;Latitude:1.9048346281051636;Longitude:-75.963363647460938;Altitude:1268.9000244140625;ExternalPowerVoltage:13.95;Rpm:-999;Speed:42.0;SatelliteNumber:18;Azimuth:239;BatteryLevel:93}]
"[{""Protocol"":""0x2525""";"MessageType:""LocationInfoMessage""";ProtocolHeadType:19;"Imei:""869487061675582""";SerialNo:53496;Mileage:12956974;"Date:""2026-02-07T17:17:21Z""";IopIgnition:true;Latitude:1.9043928384780884;Longitude:-75.970039367675781;Altitude:1255.800048828125;ExternalPowerVoltage:13.87;Rpm:-999;Speed:0.0;SatelliteNumber:14;Azimuth:264;BatteryLevel:93}]
"[{""Protocol"":""0x2525""";"MessageType:""LocationInfoMessage""";ProtocolHeadType:19;"Imei:""869487061675582""";SerialNo:53497;Mileage:12956974;"Date:""2026-02-07T17:18:21Z""";IopIgnition:true;Latitude:1.9043928384780884;Longitude:-75.970039367675781;Altitude:1255.800048828125;ExternalPowerVoltage:13.85;Rpm:-999;Speed:0.0;SatelliteNumber:14;Azimuth:264;BatteryLevel:93}]
"[{""Protocol"":""0x2525""";"MessageType:""LocationInfoMessage""";ProtocolHeadType:19;"Imei:""869487061675582""";SerialNo:53498;Mileage:12957094;"Date:""2026-02-07T17:19:21Z""";IopIgnition:true;Latitude:1.9042717218399048;Longitude:-75.971099853515625;Altitude:1256.5;ExternalPowerVoltage:13.88;Rpm:-999;Speed:8.0;SatelliteNumber:20;Azimuth:253;BatteryLevel:93}]
"[{""Protocol"":""0x2525""";"MessageType:""LocationInfoMessage""";ProtocolHeadType:19;"Imei:""869487061675582""";SerialNo:53499;Mileage:12957428;"Date:""2026-02-07T17:20:21Z""";IopIgnition:true;Latitude:1.9034696817398071;Longitude:-75.973907470703125;Altitude:1263.800048828125;ExternalPowerVoltage:13.9;Rpm:-999;Speed:29.0;SatelliteNumber:18;Azimuth:256;BatteryLevel:93}]
"[{""Protocol"":""0x2525""";"MessageType:""LocationInfoMessage""";ProtocolHeadType:19;"Imei:""869487061675582""";SerialNo:53500;Mileage:12958289;"Date:""2026-02-07T17:21:20Z""";IopIgnition:true;Latitude:1.9014062881469727;Longitude:-75.981040954589844;Altitude:1292.5;ExternalPowerVoltage:13.91;Rpm:-999;Speed:32.0;SatelliteNumber:18;Azimuth:246;BatteryLevel:93}]
"[{""Protocol"":""0x2525""";"MessageType:""LocationInfoMessage""";ProtocolHeadType:19;"Imei:""869487061675582""";SerialNo:53501;Mileage:12958813;"Date:""2026-02-07T17:22:20Z""";IopIgnition:true;Latitude:1.899077296257019;Longitude:-75.985099792480469;Altitude:1318.0999755859375;ExternalPowerVoltage:13.89;Rpm:-999;Speed:31.0;SatelliteNumber:18;Azimuth:255;BatteryLevel:93}]
"[{""Protocol"":""0x2525""";"MessageType:""LocationInfoMessage""";ProtocolHeadType:19;"Imei:""869487061675582""";SerialNo:53502;Mileage:12959481;"Date:""2026-02-07T17:23:13Z""";IopIgnition:true;Latitude:1.8952046632766724;Longitude:-75.989547729492188;Altitude:1317.4000244140625;ExternalPowerVoltage:13.93;Rpm:-999;Speed:50.0;SatelliteNumber:14;Azimuth:206;BatteryLevel:93}]
"[{""Protocol"":""0x2525""";"MessageType:""LocationInfoMessage""";ProtocolHeadType:19;"Imei:""869487061675582""";SerialNo:53503;Mileage:12959905;"Date:""2026-02-07T17:24:21Z""";IopIgnition:true;Latitude:1.8929650783538818;Longitude:-75.992462158203125;Altitude:1312.699951171875;ExternalPowerVoltage:13.91;Rpm:-999;Speed:21.0;SatelliteNumber:16;Azimuth:231;BatteryLevel:93}]
"[{""Protocol"":""0x2525""";"MessageType:""LocationInfoMessage""";ProtocolHeadType:19;"Imei:""869487061675582""";SerialNo:53504;Mileage:12960679;"Date:""2026-02-07T17:25:21Z""";IopIgnition:true;Latitude:1.8883532285690308;Longitude:-75.997306823730469;Altitude:1288.5999755859375;ExternalPowerVoltage:13.93;Rpm:-999;Speed:54.0;SatelliteNumber:19;Azimuth:234;BatteryLevel:93}]
"[{""Protocol"":""0x2525""";"MessageType:""LocationInfoMessage""";ProtocolHeadType:19;"Imei:""869487061675582""";SerialNo:53505;Mileage:12960897;"Date:""2026-02-07T17:25:38Z""";IopIgnition:true;Latitude:1.8869987726211548;Longitude:-75.99859619140625;Altitude:1290.699951171875;ExternalPowerVoltage:13.92;Rpm:-999;Speed:48.0;SatelliteNumber:19;Azimuth:184;BatteryLevel:93}]
"[{""Protocol"":""0x2525""";"MessageType:""LocationInfoMessage""";ProtocolHeadType:19;"Imei:""869487061675582""";SerialNo:53506;Mileage:12961277;"Date:""2026-02-07T17:26:09Z""";IopIgnition:true;Latitude:1.8838615417480469;Longitude:-75.999649047851563;Altitude:1287.9000244140625;ExternalPowerVoltage:13.93;Rpm:-999;Speed:47.0;SatelliteNumber:18;Azimuth:232;BatteryLevel:93}]
"[{""Protocol"":""0x2525""";"MessageType:""LocationInfoMessage""";ProtocolHeadType:19;"Imei:""869487061675582""";SerialNo:53507;Mileage:12962154;"Date:""2026-02-07T17:27:10Z""";IopIgnition:true;Latitude:1.8805398941040039;Longitude:-76.006416320800781;Altitude:1283.300048828125;ExternalPowerVoltage:13.96;Rpm:-999;Speed:47.0;SatelliteNumber:18;Azimuth:280;BatteryLevel:93}]
"[{""Protocol"":""0x2525""";"MessageType:""LocationInfoMessage""";ProtocolHeadType:19;"Imei:""869487061675582""";SerialNo:53508;Mileage:12963148;"Date:""2026-02-07T17:28:21Z""";IopIgnition:true;Latitude:1.8797054290771484;Longitude:-76.014884948730469;Altitude:1285.300048828125;ExternalPowerVoltage:13.96;Rpm:-999;Speed:54.0;SatelliteNumber:17;Azimuth:246;BatteryLevel:93}]
"[{""Protocol"":""0x2525""";"MessageType:""LocationInfoMessage""";ProtocolHeadType:19;"Imei:""869487061675582""";SerialNo:53509;Mileage:12963842;"Date:""2026-02-07T17:29:21Z""";IopIgnition:true;Latitude:1.8762452602386475;Longitude:-76.019866943359375;Altitude:1304.9000244140625;ExternalPowerVoltage:13.96;Rpm:-999;Speed:53.0;SatelliteNumber:17;Azimuth:210;BatteryLevel:93}]
"[{""Protocol"":""0x2525""";"MessageType:""LocationInfoMessage""";ProtocolHeadType:19;"Imei:""869487061675582""";SerialNo:53510;Mileage:12964752;"Date:""2026-02-07T17:30:21Z""";IopIgnition:true;Latitude:1.8693292140960693;Longitude:-76.023910522460938;Altitude:1281.4000244140625;ExternalPowerVoltage:13.96;Rpm:-999;Speed:50.0;SatelliteNumber:17;Azimuth:232;BatteryLevel:93}]
"[{""Protocol"":""0x2525""";"MessageType:""LocationInfoMessage""";ProtocolHeadType:19;"Imei:""869487061675582""";SerialNo:53511;Mileage:12965223;"Date:""2026-02-07T17:31:21Z""";IopIgnition:true;Latitude:1.8674759864807129;Longitude:-76.027496337890625;Altitude:1279.699951171875;ExternalPowerVoltage:13.94;Rpm:-999;Speed:21.0;SatelliteNumber:17;Azimuth:256;BatteryLevel:93}]
"[{""Protocol"":""0x2525""";"MessageType:""LocationInfoMessage""";ProtocolHeadType:19;"Imei:""869487061675582""";SerialNo:53512;Mileage:12965619;"Date:""2026-02-07T17:32:20Z""";IopIgnition:true;Latitude:1.8657001256942749;Longitude:-76.0305404663086;Altitude:1279.300048828125;ExternalPowerVoltage:13.93;Rpm:-999;Speed:20.0;SatelliteNumber:17;Azimuth:247;BatteryLevel:93}]
"[{""Protocol"":""0x2525""";"MessageType:""LocationInfoMessage""";ProtocolHeadType:19;"Imei:""869487061675582""";SerialNo:53513;Mileage:12965823;"Date:""2026-02-07T17:32:51Z""";IopIgnition:true;Latitude:1.8652955293655396;Longitude:-76.0322494506836;Altitude:1274.0;ExternalPowerVoltage:13.92;Rpm:-999;Speed:34.0;SatelliteNumber:18;Azimuth:297;BatteryLevel:93}]
"[{""Protocol"":""0x2525""";"MessageType:""LocationInfoMessage""";ProtocolHeadType:19;"Imei:""869487061675582""";SerialNo:53514;Mileage:12967155;"Date:""2026-02-07T17:34:14Z""";IopIgnition:true;Latitude:1.866517186164856;Longitude:-76.0439224243164;Altitude:1271.300048828125;ExternalPowerVoltage:13.92;Rpm:-999;Speed:12.0;SatelliteNumber:18;Azimuth:9;BatteryLevel:93}]
"[{""Protocol"":""0x2525""";"MessageType:""LocationInfoMessage""";ProtocolHeadType:19;"Imei:""869487061675582""";SerialNo:53515;Mileage:12967212;"Date:""2026-02-07T17:34:25Z""";IopIgnition:true;Latitude:1.8670288324356079;Longitude:-76.043907165527344;Altitude:1272.9000244140625;ExternalPowerVoltage:13.94;Rpm:-999;Speed:12.0;SatelliteNumber:18;Azimuth:320;BatteryLevel:93}]
"[{""Protocol"":""0x2525""";"MessageType:""LocationInfoMessage""";ProtocolHeadType:19;"Imei:""869487061675582""";SerialNo:53516;Mileage:12967223;"Date:""2026-02-07T17:34:31Z""";IopIgnition:true;Latitude:1.8670620918273926;Longitude:-76.043998718261719;Altitude:1272.800048828125;ExternalPowerVoltage:13.85;Rpm:-999;Speed:5.0;SatelliteNumber:18;Azimuth:266;BatteryLevel:93}]
"[{""Protocol"":""0x2525""";"MessageType:""LocationInfoMessage""";ProtocolHeadType:19;"Imei:""869487061675582""";SerialNo:53517;Mileage:12967237;"Date:""2026-02-07T17:34:39Z""";IopIgnition:true;Latitude:1.8670617341995239;Longitude:-76.044113159179688;Altitude:1273.300048828125;ExternalPowerVoltage:13.86;Rpm:-999;Speed:7.0;SatelliteNumber:18;Azimuth:338;BatteryLevel:93}]
"[{""Protocol"":""0x2525""";"MessageType:""LocationAlarmMessage""";ProtocolHeadType:20;"Imei:""869487061675582""";SerialNo:2871;Mileage:12967237;"Date:""2026-02-07T17:35:38Z""";IopIgnition:false;Latitude:1.8670617341995239;Longitude:-76.044113159179688;Altitude:1273.300048828125;ExternalPowerVoltage:13.98;Rpm:-999;Speed:0.0;SatelliteNumber:18;Azimuth:338;OriginalAlarmCode:23}]
"[{""Protocol"":""0x2525""";"MessageType:""SignInMessage""";ProtocolHeadType:0;"Imei:""869487061675582""";SerialNo:72;"Firmware:""V1.0.1.7""";Model:0;ObdBootVersion:null;ObdDataVersion:null;ObdHareware:null;ObdSoftware:null;Platform:null;"Software:""V0.0.0""}]";;;;
"[{""Protocol"":""0x2525""";"MessageType:""NetworkInfoMessage""";ProtocolHeadType:0;"Imei:""869487061675582""";SerialNo:27;"AccessTechnology:""CAT-1""";"Band:""CAT-1 2""";"Date:""2026-02-07T18:06:12Z""";"Iccid:""89571017024093102320""";"Imsi:""732101720310231""";"NetworkOperator:""CLARO""}]";;;;;;
"[{""Protocol"":""0x2525""";"MessageType:""LocationInfoMessage""";ProtocolHeadType:19;"Imei:""869487061675582""";SerialNo:53518;Mileage:12967237;"Date:""2026-02-07T18:35:21Z""";IopIgnition:false;Latitude:1.8670617341995239;Longitude:-76.044113159179688;Altitude:1273.300048828125;ExternalPowerVoltage:12.68;Rpm:-999;Speed:0.0;SatelliteNumber:16;Azimuth:338;BatteryLevel:95}]
"[{""Protocol"":""0x2525""";"MessageType:""SignInMessage""";ProtocolHeadType:0;"Imei:""869487061675582""";SerialNo:73;"Firmware:""V1.0.1.7""";Model:0;ObdBootVersion:null;ObdDataVersion:null;ObdHareware:null;ObdSoftware:null;Platform:null;"Software:""V0.0.0""}]";;;;
"[{""Protocol"":""0x2525""";"MessageType:""NetworkInfoMessage""";ProtocolHeadType:0;"Imei:""869487061675582""";SerialNo:28;"AccessTechnology:""CAT-1""";"Band:""CAT-1 28""";"Date:""2026-02-07T19:27:10Z""";"Iccid:""89571017024093102320""";"Imsi:""732101720310231""";"NetworkOperator:""CLARO""}]";;;;;;
"[{""Protocol"":""0x2525""";"MessageType:""LocationInfoMessage""";ProtocolHeadType:19;"Imei:""869487061675582""";SerialNo:53519;Mileage:12967237;"Date:""2026-02-07T19:35:21Z""";IopIgnition:false;Latitude:1.8670617341995239;Longitude:-76.044113159179688;Altitude:1273.300048828125;ExternalPowerVoltage:12.67;Rpm:-999;Speed:0.0;SatelliteNumber:16;Azimuth:338;BatteryLevel:97}]
"[{""Protocol"":""0x2525""";"MessageType:""SignInMessage""";ProtocolHeadType:0;"Imei:""869487061675582""";SerialNo:74;"Firmware:""V1.0.1.7""";Model:0;ObdBootVersion:null;ObdDataVersion:null;ObdHareware:null;ObdSoftware:null;Platform:null;"Software:""V0.0.0""}]";;;;
"[{""Protocol"":""0x2525""";"MessageType:""NetworkInfoMessage""";ProtocolHeadType:0;"Imei:""869487061675582""";SerialNo:29;"AccessTechnology:""CAT-1""";"Band:""CAT-1 28""";"Date:""2026-02-07T20:28:00Z""";"Iccid:""89571017024093102320""";"Imsi:""732101720310231""";"NetworkOperator:""CLARO""}]";;;;;;
"[{""Protocol"":""0x2525""";"MessageType:""LocationInfoMessage""";ProtocolHeadType:19;"Imei:""869487061675582""";SerialNo:53520;Mileage:12967237;"Date:""2026-02-07T20:35:21Z""";IopIgnition:false;Latitude:1.8670617341995239;Longitude:-76.044113159179688;Altitude:1273.300048828125;ExternalPowerVoltage:12.65;Rpm:-999;Speed:0.0;SatelliteNumber:17;Azimuth:338;BatteryLevel:98}]
"[{""Protocol"":""0x2525""";"MessageType:""LocationInfoMessage""";ProtocolHeadType:19;"Imei:""869487061675582""";SerialNo:53521;Mileage:12967237;"Date:""2026-02-07T21:35:20Z""";IopIgnition:false;Latitude:1.8670617341995239;Longitude:-76.044113159179688;Altitude:1273.300048828125;ExternalPowerVoltage:12.62;Rpm:-999;Speed:0.0;SatelliteNumber:18;Azimuth:338;BatteryLevel:98}]
"[{""Protocol"":""0x2525""";"MessageType:""SignInMessage""";ProtocolHeadType:0;"Imei:""869487061675582""";SerialNo:75;"Firmware:""V1.0.1.7""";Model:0;ObdBootVersion:null;ObdDataVersion:null;ObdHareware:null;ObdSoftware:null;Platform:null;"Software:""V0.0.0""}]";;;;
"[{""Protocol"":""0x2525""";"MessageType:""NetworkInfoMessage""";ProtocolHeadType:0;"Imei:""869487061675582""";SerialNo:30;"AccessTechnology:""CAT-1""";"Band:""CAT-1 28""";"Date:""2026-02-07T22:06:55Z""";"Iccid:""89571017024093102320""";"Imsi:""732101720310231""";"NetworkOperator:""CLARO""}]";;;;;;
"[{""Protocol"":""0x2525""";"MessageType:""LocationInfoMessage""";ProtocolHeadType:19;"Imei:""869487061675582""";SerialNo:53522;Mileage:12967237;"Date:""2026-02-07T22:35:21Z""";IopIgnition:false;Latitude:1.8670617341995239;Longitude:-76.044113159179688;Altitude:1273.300048828125;ExternalPowerVoltage:12.62;Rpm:-999;Speed:0.0;SatelliteNumber:15;Azimuth:338;BatteryLevel:97}]
"[{""Protocol"":""0x2525""";"MessageType:""SignInMessage""";ProtocolHeadType:0;"Imei:""869487061675582""";SerialNo:76;"Firmware:""V1.0.1.7""";Model:0;ObdBootVersion:null;ObdDataVersion:null;ObdHareware:null;ObdSoftware:null;Platform:null;"Software:""V0.0.0""}]";;;;
"[{""Protocol"":""0x2525""";"MessageType:""NetworkInfoMessage""";ProtocolHeadType:0;"Imei:""869487061675582""";SerialNo:31;"AccessTechnology:""CAT-1""";"Band:""CAT-1 28""";"Date:""2026-02-07T23:14:37Z""";"Iccid:""89571017024093102320""";"Imsi:""732101720310231""";"NetworkOperator:""CLARO""}]";;;;;;
"[{""Protocol"":""0x2525""";"MessageType:""LocationInfoMessage""";ProtocolHeadType:19;"Imei:""869487061675582""";SerialNo:53523;Mileage:12967237;"Date:""2026-02-07T23:35:21Z""";IopIgnition:false;Latitude:1.8670617341995239;Longitude:-76.044113159179688;Altitude:1273.300048828125;ExternalPowerVoltage:12.6;Rpm:-999;Speed:0.0;SatelliteNumber:17;Azimuth:338;BatteryLevel:95}]
